Workbook

Sheet ConsumerPreferencesTable
A1: Consumer_ID | B1: Preferred_Cuisine
A2: U1001 | B2: American
A3: U1002 | B3: Mexican
A4: U1003 | B4: Mexican
A5: U1004 | B5: Bakery
A6: U1004 | B6: Breakfast
A7: U1004 | B7: Japanese
A8: U1004 | B8: Contemporary
A9: U1004 | B9: Mexican
A10: U1004 | B10: Bagels
A11: U1004 | B11: Coffee Shop
A12: U1004 | B12: Continental
... A329: U1138 | B329: Pizzeria

Sheet consumer_preferences
A1: Consumer_ID | B1: Preferred_Cuisine
A2: U1001 | B2: American
A3: U1002 | B3: Mexican
A4: U1003 | B4: Mexican
A5: U1004 | B5: Bakery
A6: U1004 | B6: Breakfast
A7: U1004 | B7: Japanese
A8: U1004 | B8: Contemporary
A9: U1004 | B9: Mexican
A10: U1004 | B10: Bagels
A11: U1004 | B11: Coffee Shop
A12: U1004 | B12: Continental
... A329: U1138 | B329: Pizzeria

Sheet ConsumersTable
A1: Consumer_ID | B1: Consumer_City | C1: Consumer_State | D1: Consumer_Country | E1: Consumer_Latitude | F1: Consumer_Longitude | G1: Consumer_Smoker | H1: Consumer_Drink_Level | I1: Consumer_Transportation_Method | J1: Consumer_Marital_Status | K1: Consumer_Children | L1: Consumer_Age | M1: Consumer_Occupation | N1: Consumer_Budget | O1: Preferred_Cuisine | P1: Age_Bracket
A2: U1001 | B2: San Luis Potosi | C2: San Luis Potosi | D2: Mexico | E2: 22.139997 | F2: -100.9788 | G2: No | H2: Abstemious | I2: On Foot | J2: Single | K2: Independent | L2: 23 | M2: Student | N2: Medium | O2: American | P2: =IF(L2<=12,"Children", IF(L2<=19,"Teenagers", IF(L2<=49,"Young Adult", IF(L2>=50,"Old","Unknown")))) -> Young Adult
A3: U1002 | B3: San Luis Potosi | C3: San Luis Potosi | D3: Mexico | E3: 22.150087 | F3: -100.98332 | G3: No | H3: Abstemious | I3: Public | J3: Single | K3: Independent | L3: 22 | M3: Student | N3: Low | O3: Mexican | P3: =IF(L3<=12,"Children", IF(L3<=19,"Teenagers", IF(L3<=49,"Young Adult", IF(L3>=50,"Old","Unknown")))) -> Young Adult
A4: U1003 | B4: San Luis Potosi | C4: San Luis Potosi | D4: Mexico | E4: 22.119847 | F4: -100.94653 | G4: No | H4: Social Drinker | I4: Public | J4: Single | K4: Independent | L4: 23 | M4: Student | N4: Low | O4: Mexican | P4: =IF(L4<=12,"Children", IF(L4<=19,"Teenagers", IF(L4<=49,"Young Adult", IF(L4>=50,"Old","Unknown")))) -> Young Adult
A5: U1004 | B5: Cuernavaca | C5: Morelos | D5: Mexico | E5: 18.867 | F5: -99.183 | G5: No | H5: Abstemious | I5: Public | J5: Single | K5: Independent | L5: 72 | M5: Employed | N5: Medium | O5: Bakery | P5: =IF(L5<=12,"Children", IF(L5<=19,"Teenagers", IF(L5<=49,"Young Adult", IF(L5>=50,"Old","Unknown")))) -> Old
A6: U1005 | B6: San Luis Potosi | C6: San Luis Potosi | D6: Mexico | E6: 22.183477 | F6: -100.95989 | G6: No | H6: Abstemious | I6: Public | J6: Single | K6: Independent | L6: 20 | M6: Student | N6: Medium | O6: American | P6: =IF(L6<=12,"Children", IF(L6<=19,"Teenagers", IF(L6<=49,"Young Adult", IF(L6>=50,"Old","Unknown")))) -> Young Adult
A7: U1006 | B7: San Luis Potosi | C7: San Luis Potosi | D7: Mexico | E7: 22.15 | F7: -100.983 | G7: Yes | H7: Social Drinker | I7: Car | J7: Single | K7: Independent | L7: 23 | M7: Student | N7: Medium | O7: Mexican | P7: =IF(L7<=12,"Children", IF(L7<=19,"Teenagers", IF(L7<=49,"Young Adult", IF(L7>=50,"Old","Unknown")))) -> Young Adult
A8: U1007 | B8: San Luis Potosi | C8: San Luis Potosi | D8: Mexico | E8: 22.118464 | F8: -100.93826 | G8: No | H8: Casual Drinker | I8: Public | J8: Single | K8: Independent | L8: 23 | M8: Student | N8: Low | O8: Family | P8: =IF(L8<=12,"Children", IF(L8<=19,"Teenagers", IF(L8<=49,"Young Adult", IF(L8>=50,"Old","Unknown")))) -> Young Adult
A9: U1008 | B9: San Luis Potosi | C9: San Luis Potosi | D9: Mexico | E9: 22.122989 | F9: -100.92381 | G9: No | H9: Social Drinker | I9: Public | J9: Single | K9: Independent | L9: 23 | M9: Student | N9: Low | O9: Coffee Shop | P9: =IF(L9<=12,"Children", IF(L9<=19,"Teenagers", IF(L9<=49,"Young Adult", IF(L9>=50,"Old","Unknown")))) -> Young Adult
A10: U1009 | B10: San Luis Potosi | C10: San Luis Potosi | D10: Mexico | E10: 22.159427 | F10: -100.99045 | G10: No | H10: Abstemious | I10: On Foot | J10: Single | K10: Kids | L10: 21 | M10: Student | N10: Medium | O10: Diner | P10: =IF(L10<=12,"Children", IF(L10<=19,"Teenagers", IF(L10<=49,"Young Adult", IF(L10>=50,"Old","Unknown")))) -> Young Adult
A11: U1010 | B11: San Luis Potosi | C11: San Luis Potosi | D11: Mexico | E11: 22.190889 | F11: -100.99867 | G11: No | H11: Social Drinker | I11: Car | J11: Married | K11: Kids | L11: 25 | M11: Student | N11: Medium | O11: Mexican | P11: =IF(L11<=12,"Children", IF(L11<=19,"Teenagers", IF(L11<=49,"Young Adult", IF(L11>=50,"Old","Unknown")))) -> Young Adult
A12: U1011 | B12: Ciudad Victoria | C12: Tamaulipas | D12: Mexico | E12: 23.724972 | F12: -99.152856 | G12: No | H12: Abstemious | I12: Public | J12: Single | K12: Independent | L12: 23 | M12: Student | N12: Medium | O12: Mexican | P12: =IF(L12<=12,"Children", IF(L12<=19,"Teenagers", IF(L12<=49,"Young Adult", IF(L12>=50,"Old","Unknown")))) -> Young Adult
A13: U1012 | B13: Cuernavaca | C13: Morelos | D13: Mexico | E13: 18.813348 | F13: -99.243697 | G13: No | H13: Casual Drinker | I13: Public | J13: Single | K13: Independent | L13: 24 | M13: Student | N13: Medium | O13: Latin American | P13: =IF(L13<=12,"Children", IF(L13<=19,"Teenagers", IF(L13<=49,"Young Adult", IF(L13>=50,"Old","Unknown")))) -> Young Adult
... A17: U1016 | B17: San Luis Potosi | C17: San Luis Potosi | D17: Mexico | E17: 22.156247 | F17: -100.9774 | G17: No | H17: Casual Drinker | I17: On Foot | J17: Single | K17: Independent | L17: 21 | M17: Student | N17: Medium | O17: Coffee Shop | P17: =IF(L17<=12,"Children", IF(L17<=19,"Teenagers", IF(L17<=49,"Young Adult", IF(L17>=50,"Old","Unknown")))) -> Young Adult
A18: U1017 | B18: Cuernavaca | C18: Morelos | D18: Mexico | E18: 18.952615 | F18: -99.201616 | G18: No | H18: Casual Drinker | I18: Public | J18: Single | L18: 21 | M18: Employed | N18: Medium | O18: Chinese | P18: =IF(L18<=12,"Children", IF(L18<=19,"Teenagers", IF(L18<=49,"Young Adult", IF(L18>=50,"Old","Unknown")))) -> Young Adult
A19: U1018 | B19: San Luis Potosi | C19: San Luis Potosi | D19: Mexico | E19: 22.190949 | F19: -100.9179 | G19: Yes | H19: Casual Drinker | I19: Public | J19: Single | K19: Independent | L19: 23 | M19: Student | N19: Low | O19: Mexican | P19: =IF(L19<=12,"Children", IF(L19<=19,"Teenagers", IF(L19<=49,"Young Adult", IF(L19>=50,"Old","Unknown")))) -> Young Adult
A20: U1019 | B20: San Luis Potosi | C20: San Luis Potosi | D20: Mexico | E20: 22.153385 | F20: -100.97529 | G20: No | H20: Casual Drinker | I20: Public | J20: Single | K20: Independent | L20: 23 | M20: Student | N20: Medium | O20: Family | P20: =IF(L20<=12,"Children", IF(L20<=19,"Teenagers", IF(L20<=49,"Young Adult", IF(L20>=50,"Old","Unknown")))) -> Young Adult
A21: U1020 | B21: Cuernavaca | C21: Morelos | D21: Mexico | E21: 18.878189 | F21: -99.222969 | G21: No | H21: Abstemious | I21: Public | J21: Single | K21: Independent | L21: 30 | M21: Employed | N21: Medium | O21: Mexican | P21: =IF(L21<=12,"Children", IF(L21<=19,"Teenagers", IF(L21<=49,"Young Adult", IF(L21>=50,"Old","Unknown")))) -> Young Adult
A22: U1021 | B22: Ciudad Victoria | C22: Tamaulipas | D22: Mexico | E22: 23.730569 | F22: -99.171883 | G22: No | H22: Social Drinker | I22: Car | J22: Single | K22: Dependent | L22: 28 | M22: Student | N22: Medium | O22: Pizzeria | P22: =IF(L22<=12,"Children", IF(L22<=19,"Teenagers", IF(L22<=49,"Young Adult", IF(L22>=50,"Old","Unknown")))) -> Young Adult
A23: U1022 | B23: San Luis Potosi | C23: San Luis Potosi | D23: Mexico | E23: 22.146708 | F23: -100.96435 | G23: No | H23: Casual Drinker | I23: Car | J23: Single | K23: Independent | L23: 22 | M23: Student | N23: Medium | O23: Mexican | P23: =IF(L23<=12,"Children", IF(L23<=19,"Teenagers", IF(L23<=49,"Young Adult", IF(L23>=50,"Old","Unknown")))) -> Young Adult
A24: U1023 | B24: Ciudad Victoria | C24: Tamaulipas | D24: Mexico | E24: 23.752943 | F24: -99.166589 | G24: No | H24: Casual Drinker | I24: Car | J24: Single | K24: Independent | L24: 24 | M24: Student | N24: Low | O24: Mexican | P24: =IF(L24<=12,"Children", IF(L24<=19,"Teenagers", IF(L24<=49,"Young Adult", IF(L24>=50,"Old","Unknown")))) -> Young Adult
A25: U1024 | B25: San Luis Potosi | C25: San Luis Potosi | D25: Mexico | E25: 22.154021 | F25: -100.97603 | H25: Abstemious | L25: 82 | O25: Afghan | P25: =IF(L25<=12,"Children", IF(L25<=19,"Teenagers", IF(L25<=49,"Young Adult", IF(L25>=50,"Old","Unknown")))) -> Old
A26: U1025 | B26: San Luis Potosi | C26: San Luis Potosi | D26: Mexico | E26: 22.125603 | F26: -100.90784 | G26: No | H26: Social Drinker | I26: Public | J26: Single | L26: 22 | M26: Student | N26: Medium | O26: Mexican | P26: =IF(L26<=12,"Children", IF(L26<=19,"Teenagers", IF(L26<=49,"Young Adult", IF(L26>=50,"Old","Unknown")))) -> Young Adult
A27: U1026 | B27: Ciudad Victoria | C27: Tamaulipas | D27: Mexico | E27: 23.733 | F27: -99.133 | G27: No | H27: Abstemious | I27: Public | J27: Single | K27: Independent | L27: 23 | M27: Student | N27: Medium | O27: Mexican | P27: =IF(L27<=12,"Children", IF(L27<=19,"Teenagers", IF(L27<=49,"Young Adult", IF(L27>=50,"Old","Unknown")))) -> Young Adult
A28: U1027 | B28: San Luis Potosi | C28: San Luis Potosi | D28: Mexico | E28: 22.16515 | F28: -100.98701 | G28: Yes | H28: Social Drinker | I28: Public | J28: Single | K28: Independent | L28: 23 | M28: Student | N28: Low | O28: Family | P28: =IF(L28<=12,"Children", IF(L28<=19,"Teenagers", IF(L28<=49,"Young Adult", IF(L28>=50,"Old","Unknown")))) -> Young Adult
A29: U1028 | B29: Ciudad Victoria | C29: Tamaulipas | D29: Mexico | E29: 23.752874 | F29: -99.169242 | G29: No | H29: Abstemious | I29: Public | J29: Single | K29: Independent | L29: 23 | M29: Student | N29: Medium | O29: Mexican | P29: =IF(L29<=12,"Children", IF(L29<=19,"Teenagers", IF(L29<=49,"Young Adult", IF(L29>=50,"Old","Unknown")))) -> Young Adult
A30: U1029 | B30: San Luis Potosi | C30: San Luis Potosi | D30: Mexico | E30: 22.151796 | F30: -100.98907 | G30: Yes | H30: Casual Drinker | I30: Public | J30: Single | K30: Independent | L30: 22 | M30: Student | N30: Low | O30: Mexican | P30: =IF(L30<=12,"Children", IF(L30<=19,"Teenagers", IF(L30<=49,"Young Adult", IF(L30>=50,"Old","Unknown")))) -> Young Adult
A31: U1030 | B31: Cuernavaca | C31: Morelos | D31: Mexico | E31: 18.844818 | F31: -99.182758 | G31: No | H31: Casual Drinker | I31: On Foot | J31: Single | K31: Independent | L31: 21 | M31: Student | N31: Medium | O31: Mexican | P31: =IF(L31<=12,"Children", IF(L31<=19,"Teenagers", IF(L31<=49,"Young Adult", IF(L31>=50,"Old","Unknown")))) -> Young Adult
A32: U1031 | B32: Ciudad Victoria | C32: Tamaulipas | D32: Mexico | E32: 23.735698 | F32: -99.159851 | G32: No | H32: Abstemious | J32: Married | K32: Kids | L32: 20 | M32: Unemployed | N32: Medium | O32: Mexican | P32: =IF(L32<=12,"Children", IF(L32<=19,"Teenagers", IF(L32<=49,"Young Adult", IF(L32>=50,"Old","Unknown")))) -> Young Adult
A33: U1032 | B33: San Luis Potosi | C33: San Luis Potosi | D33: Mexico | E33: 22.169184 | F33: -100.98684 | G33: No | H33: Abstemious | I33: Public | J33: Single | K33: Independent | L33: 23 | M33: Student | N33: Medium | O33: Mexican | P33: =IF(L33<=12,"Children", IF(L33<=19,"Teenagers", IF(L33<=49,"Young Adult", IF(L33>=50,"Old","Unknown")))) -> Young Adult
A34: U1033 | B34: San Luis Potosi | C34: San Luis Potosi | D34: Mexico | E34: 22.15 | F34: -100.983 | G34: No | H34: Social Drinker | I34: On Foot | J34: Single | L34: 21 | M34: Student | N34: Low | O34: Mexican | P34: =IF(L34<=12,"Children", IF(L34<=19,"Teenagers", IF(L34<=49,"Young Adult", IF(L34>=50,"Old","Unknown")))) -> Young Adult
A35: U1034 | B35: San Luis Potosi | C35: San Luis Potosi | D35: Mexico | E35: 22.137178 | F35: -101.01317 | G35: No | H35: Casual Drinker | I35: Public | J35: Single | K35: Independent | L35: 22 | M35: Student | N35: Medium | O35: Mexican | P35: =IF(L35<=12,"Children", IF(L35<=19,"Teenagers", IF(L35<=49,"Young Adult", IF(L35>=50,"Old","Unknown")))) -> Young Adult
A36: U1035 | B36: Cuernavaca | C36: Morelos | D36: Mexico | E36: 18.839671 | F36: -99.223897 | G36: Yes | H36: Casual Drinker | I36: Car | J36: Single | K36: Independent | L36: 27 | M36: Student | N36: Medium | O36: Family | P36: =IF(L36<=12,"Children", IF(L36<=19,"Teenagers", IF(L36<=49,"Young Adult", IF(L36>=50,"Old","Unknown")))) -> Young Adult
A37: U1036 | B37: San Luis Potosi | C37: San Luis Potosi | D37: Mexico | E37: 22.160572 | F37: -100.98942 | G37: No | H37: Social Drinker | I37: Public | J37: Single | K37: Independent | L37: 21 | M37: Student | N37: Medium | O37: Mexican | P37: =IF(L37<=12,"Children", IF(L37<=19,"Teenagers", IF(L37<=49,"Young Adult", IF(L37>=50,"Old","Unknown")))) -> Young Adult
A38: U1037 | B38: San Luis Potosi | C38: San Luis Potosi | D38: Mexico | E38: 22.15031 | F38: -100.90054 | G38: No | H38: Social Drinker | I38: Public | J38: Single | K38: Independent | L38: 22 | M38: Student | N38: Low | O38: Mexican | P38: =IF(L38<=12,"Children", IF(L38<=19,"Teenagers", IF(L38<=49,"Young Adult", IF(L38>=50,"Old","Unknown")))) -> Young Adult
A39: U1038 | B39: San Luis Potosi | C39: San Luis Potosi | D39: Mexico | E39: 22.125786 | F39: -100.9437 | G39: Yes | H39: Social Drinker | I39: Public | J39: Single | K39: Independent | L39: 82 | M39: Student | N39: Low | O39: Mexican | P39: =IF(L39<=12,"Children", IF(L39<=19,"Teenagers", IF(L39<=49,"Young Adult", IF(L39>=50,"Old","Unknown")))) -> Old
A40: U1039 | B40: Ciudad Victoria | C40: Tamaulipas | D40: Mexico | E40: 23.738067 | F40: -99.139906 | G40: No | H40: Social Drinker | J40: Single | K40: Independent | L40: 23 | M40: Student | N40: Medium | O40: Regional | P40: =IF(L40<=12,"Children", IF(L40<=19,"Teenagers", IF(L40<=49,"Young Adult", IF(L40>=50,"Old","Unknown")))) -> Young Adult
A41: U1040 | B41: Cuernavaca | C41: Morelos | D41: Mexico | E41: 18.895187 | F41: -99.18039 | G41: No | H41: Abstemious | I41: Public | J41: Single | K41: Independent | L41: 18 | M41: Student | N41: Medium | O41: Pizzeria | P41: =IF(L41<=12,"Children", IF(L41<=19,"Teenagers", IF(L41<=49,"Young Adult", IF(L41>=50,"Old","Unknown")))) -> Teenagers
A42: U1041 | B42: Cuernavaca | C42: Morelos | D42: Mexico | E42: 18.935191 | F42: -99.23624 | G42: No | H42: Abstemious | I42: On Foot | J42: Single | K42: Independent | L42: 27 | M42: Employed | N42: Medium | O42: Contemporary | P42: =IF(L42<=12,"Children", IF(L42<=19,"Teenagers", IF(L42<=49,"Young Adult", IF(L42>=50,"Old","Unknown")))) -> Young Adult
A43: U1042 | B43: Cuernavaca | C43: Morelos | D43: Mexico | E43: 18.925773 | F43: -99.219589 | G43: No | H43: Abstemious | I43: Car | J43: Single | K43: Independent | L43: 69 | M43: Student | N43: High | O43: Mexican | P43: =IF(L43<=12,"Children", IF(L43<=19,"Teenagers", IF(L43<=49,"Young Adult", IF(L43>=50,"Old","Unknown")))) -> Old
A44: U1043 | B44: Ciudad Victoria | C44: Tamaulipas | D44: Mexico | E44: 23.77103 | F44: -99.167082 | G44: No | H44: Abstemious | I44: Public | J44: Single | K44: Independent | L44: 23 | M44: Student | N44: Medium | O44: Latin American | P44: =IF(L44<=12,"Children", IF(L44<=19,"Teenagers", IF(L44<=49,"Young Adult", IF(L44>=50,"Old","Unknown")))) -> Young Adult
A45: U1044 | B45: Cuernavaca | C45: Morelos | D45: Mexico | E45: 18.95298 | F45: -99.260789 | G45: Yes | H45: Social Drinker | I45: Car | J45: Married | K45: Kids | L45: 43 | M45: Employed | N45: Medium | O45: Mexican | P45: =IF(L45<=12,"Children", IF(L45<=19,"Teenagers", IF(L45<=49,"Young Adult", IF(L45>=50,"Old","Unknown")))) -> Young Adult
A46: U1045 | B46: San Luis Potosi | C46: San Luis Potosi | D46: Mexico | E46: 22.156724 | F46: -100.98427 | G46: No | H46: Casual Drinker | I46: Car | J46: Single | K46: Independent | L46: 21 | M46: Student | N46: High | O46: Middle Eastern | P46: =IF(L46<=12,"Children", IF(L46<=19,"Teenagers", IF(L46<=49,"Young Adult", IF(L46>=50,"Old","Unknown")))) -> Young Adult
A47: U1046 | B47: San Luis Potosi | C47: San Luis Potosi | D47: Mexico | E47: 22.144415 | F47: -100.9331 | G47: No | H47: Social Drinker | I47: Car | J47: Single | K47: Independent | L47: 22 | M47: Student | N47: Medium | O47: Bar | P47: =IF(L47<=12,"Children", IF(L47<=19,"Teenagers", IF(L47<=49,"Young Adult", IF(L47>=50,"Old","Unknown")))) -> Young Adult
A48: U1047 | B48: San Luis Potosi | C48: San Luis Potosi | D48: Mexico | E48: 22.142429 | F48: -100.94915 | G48: No | H48: Abstemious | I48: Public | J48: Single | K48: Independent | L48: 20 | M48: Student | N48: Medium | O48: American | P48: =IF(L48<=12,"Children", IF(L48<=19,"Teenagers", IF(L48<=49,"Young Adult", IF(L48>=50,"Old","Unknown")))) -> Young Adult
A49: U1048 | B49: San Luis Potosi | C49: San Luis Potosi | D49: Mexico | E49: 22.142208 | F49: -101.02278 | G49: Yes | H49: Casual Drinker | I49: Public | J49: Single | K49: Independent | L49: 24 | M49: Student | N49: Medium | O49: Mexican | P49: =IF(L49<=12,"Children", IF(L49<=19,"Teenagers", IF(L49<=49,"Young Adult", IF(L49>=50,"Old","Unknown")))) -> Young Adult
A50: U1049 | B50: San Luis Potosi | C50: San Luis Potosi | D50: Mexico | E50: 22.15 | F50: -100.983 | G50: No | H50: Casual Drinker | I50: Public | J50: Single | L50: 21 | M50: Student | O50: Mexican | P50: =IF(L50<=12,"Children", IF(L50<=19,"Teenagers", IF(L50<=49,"Young Adult", IF(L50>=50,"Old","Unknown")))) -> Young Adult
A51: U1050 | B51: Ciudad Victoria | C51: Tamaulipas | D51: Mexico | E51: 23.758815 | F51: -99.171216 | G51: No | H51: Social Drinker | I51: Car | J51: Single | K51: Independent | L51: 23 | M51: Student | N51: Medium | O51: Mexican | P51: =IF(L51<=12,"Children", IF(L51<=19,"Teenagers", IF(L51<=49,"Young Adult", IF(L51>=50,"Old","Unknown")))) -> Young Adult
A52: U1051 | B52: Cuernavaca | C52: Morelos | D52: Mexico | E52: 18.877719 | F52: -99.22299 | G52: No | H52: Casual Drinker | I52: Public | J52: Single | K52: Independent | L52: 33 | M52: Employed | N52: Medium | O52: Mexican | P52: =IF(L52<=12,"Children", IF(L52<=19,"Teenagers", IF(L52<=49,"Young Adult", IF(L52>=50,"Old","Unknown")))) -> Young Adult
A53: U1052 | B53: San Luis Potosi | C53: San Luis Potosi | D53: Mexico | E53: 22.138055 | F53: -100.936 | G53: Yes | H53: Social Drinker | I53: On Foot | J53: Single | K53: Independent | L53: 22 | M53: Student | N53: Low | O53: Bakery | P53: =IF(L53<=12,"Children", IF(L53<=19,"Teenagers", IF(L53<=49,"Young Adult", IF(L53>=50,"Old","Unknown")))) -> Young Adult
A54: U1053 | B54: San Luis Potosi | C54: San Luis Potosi | D54: Mexico | E54: 22.175833 | F54: -100.98667 | G54: No | H54: Casual Drinker | I54: Public | J54: Single | K54: Independent | L54: 22 | M54: Student | N54: Low | O54: Mexican | P54: =IF(L54<=12,"Children", IF(L54<=19,"Teenagers", IF(L54<=49,"Young Adult", IF(L54>=50,"Old","Unknown")))) -> Young Adult
A55: U1054 | B55: San Luis Potosi | C55: San Luis Potosi | D55: Mexico | E55: 22.150683 | F55: -100.97534 | G55: No | H55: Social Drinker | I55: Public | J55: Single | K55: Independent | L55: 20 | M55: Student | N55: Medium | O55: Mexican | P55: =IF(L55<=12,"Children", IF(L55<=19,"Teenagers", IF(L55<=49,"Young Adult", IF(L55>=50,"Old","Unknown")))) -> Young Adult
A56: U1055 | B56: San Luis Potosi | C56: San Luis Potosi | D56: Mexico | E56: 22.143289 | F56: -100.98768 | G56: No | H56: Abstemious | I56: Car | J56: Married | K56: Dependent | L56: 60 | M56: Employed | N56: Medium | O56: Breakfast | P56: =IF(L56<=12,"Children", IF(L56<=19,"Teenagers", IF(L56<=49,"Young Adult", IF(L56>=50,"Old","Unknown")))) -> Old
A57: U1056 | B57: San Luis Potosi | C57: San Luis Potosi | D57: Mexico | E57: 22.168997 | F57: -100.97438 | G57: No | H57: Social Drinker | I57: On Foot | J57: Single | K57: Independent | L57: 82 | M57: Student | N57: Medium | O57: Mexican | P57: =IF(L57<=12,"Children", IF(L57<=19,"Teenagers", IF(L57<=49,"Young Adult", IF(L57>=50,"Old","Unknown")))) -> Old
A58: U1057 | B58: San Luis Potosi | C58: San Luis Potosi | D58: Mexico | E58: 22.196624 | F58: -100.91217 | G58: Yes | H58: Casual Drinker | I58: Public | J58: Single | K58: Independent | L58: 23 | M58: Student | N58: Medium | O58: American | P58: =IF(L58<=12,"Children", IF(L58<=19,"Teenagers", IF(L58<=49,"Young Adult", IF(L58>=50,"Old","Unknown")))) -> Young Adult
A59: U1058 | B59: San Luis Potosi | C59: San Luis Potosi | D59: Mexico | E59: 22.205802 | F59: -100.98608 | G59: No | H59: Abstemious | I59: Public | J59: Single | K59: Independent | L59: 21 | M59: Student | N59: Low | O59: Cuban | P59: =IF(L59<=12,"Children", IF(L59<=19,"Teenagers", IF(L59<=49,"Young Adult", IF(L59>=50,"Old","Unknown")))) -> Young Adult
A60: U1059 | B60: Jiutepec | C60: Morelos | D60: Mexico | E60: 18.988278 | F60: -99.097023 | G60: No | H60: Abstemious | I60: On Foot | J60: Single | K60: Independent | L60: 25 | M60: Student | N60: Medium | O60: Mexican | P60: =IF(L60<=12,"Children", IF(L60<=19,"Teenagers", IF(L60<=49,"Young Adult", IF(L60>=50,"Old","Unknown")))) -> Young Adult
A61: U1060 | B61: Ciudad Victoria | C61: Tamaulipas | D61: Mexico | E61: 23.715238 | F61: -99.158864 | G61: No | H61: Casual Drinker | I61: Public | J61: Single | K61: Independent | L61: 21 | M61: Student | N61: Medium | O61: Burgers | P61: =IF(L61<=12,"Children", IF(L61<=19,"Teenagers", IF(L61<=49,"Young Adult", IF(L61>=50,"Old","Unknown")))) -> Young Adult
A62: U1061 | B62: San Luis Potosi | C62: San Luis Potosi | D62: Mexico | E62: 22.140388 | F62: -100.93732 | G62: No | H62: Social Drinker | I62: Car | J62: Single | K62: Independent | L62: 22 | M62: Employed | N62: Medium | O62: Mexican | P62: =IF(L62<=12,"Children", IF(L62<=19,"Teenagers", IF(L62<=49,"Young Adult", IF(L62>=50,"Old","Unknown")))) -> Young Adult
... A66: U1065 | B66: Ciudad Victoria | C66: Tamaulipas | D66: Mexico | E66: 23.733665 | F66: -99.105617 | G66: No | H66: Abstemious | I66: Public | J66: Single | K66: Independent | L66: 23 | M66: Student | N66: Medium | O66: Mexican | P66: =IF(L66<=12,"Children", IF(L66<=19,"Teenagers", IF(L66<=49,"Young Adult", IF(L66>=50,"Old","Unknown")))) -> Young Adult
A67: U1066 | B67: Jiutepec | C67: Morelos | D67: Mexico | E67: 18.890695 | F67: -99.157104 | G67: No | H67: Abstemious | I67: Public | J67: Single | L67: 26 | M67: Student | N67: Low | O67: Mexican | P67: =IF(L67<=12,"Children", IF(L67<=19,"Teenagers", IF(L67<=49,"Young Adult", IF(L67>=50,"Old","Unknown")))) -> Young Adult
A68: U1067 | B68: Ciudad Victoria | C68: Tamaulipas | D68: Mexico | E68: 23.752269 | F68: -99.168605 | G68: No | H68: Abstemious | I68: Public | J68: Single | K68: Independent | L68: 25 | M68: Student | N68: Medium | O68: Mexican | P68: =IF(L68<=12,"Children", IF(L68<=19,"Teenagers", IF(L68<=49,"Young Adult", IF(L68>=50,"Old","Unknown")))) -> Young Adult
A69: U1068 | B69: Ciudad Victoria | C69: Tamaulipas | D69: Mexico | E69: 23.752269 | F69: -99.168605 | G69: No | H69: Casual Drinker | I69: Public | J69: Single | K69: Independent | L69: 24 | M69: Student | N69: Low | O69: Mexican | P69: =IF(L69<=12,"Children", IF(L69<=19,"Teenagers", IF(L69<=49,"Young Adult", IF(L69>=50,"Old","Unknown")))) -> Young Adult
A70: U1069 | B70: Jiutepec | C70: Morelos | D70: Mexico | E70: 19.347641 | F70: -99.130229 | G70: No | H70: Social Drinker | I70: Public | J70: Single | K70: Independent | L70: 29 | M70: Employed | N70: Medium | O70: Mexican | P70: =IF(L70<=12,"Children", IF(L70<=19,"Teenagers", IF(L70<=49,"Young Adult", IF(L70>=50,"Old","Unknown")))) -> Young Adult
A71: U1070 | B71: Ciudad Victoria | C71: Tamaulipas | D71: Mexico | E71: 23.753237 | F71: -99.166868 | G71: No | H71: Casual Drinker | I71: Public | J71: Single | K71: Independent | L71: 21 | M71: Student | N71: Low | O71: Mexican | P71: =IF(L71<=12,"Children", IF(L71<=19,"Teenagers", IF(L71<=49,"Young Adult", IF(L71>=50,"Old","Unknown")))) -> Young Adult
A72: U1071 | B72: San Luis Potosi | C72: San Luis Potosi | D72: Mexico | E72: 22.154339 | F72: -100.97534 | G72: No | H72: Abstemious | I72: Car | J72: Single | K72: Independent | L72: 82 | M72: Student | N72: High | O72: Mexican | P72: =IF(L72<=12,"Children", IF(L72<=19,"Teenagers", IF(L72<=49,"Young Adult", IF(L72>=50,"Old","Unknown")))) -> Old
A73: U1072 | B73: Cuernavaca | C73: Morelos | D73: Mexico | E73: 18.86826 | F73: -99.212033 | G73: No | H73: Casual Drinker | I73: Public | J73: Single | K73: Independent | L73: 28 | M73: Student | N73: Medium | O73: Mexican | P73: =IF(L73<=12,"Children", IF(L73<=19,"Teenagers", IF(L73<=49,"Young Adult", IF(L73>=50,"Old","Unknown")))) -> Young Adult
A74: U1073 | B74: San Luis Potosi | C74: San Luis Potosi | D74: Mexico | E74: 22.15 | F74: -100.983 | G74: No | H74: Abstemious | I74: Car | J74: Single | K74: Kids | L74: 23 | M74: Unemployed | N74: Medium | O74: American | P74: =IF(L74<=12,"Children", IF(L74<=19,"Teenagers", IF(L74<=49,"Young Adult", IF(L74>=50,"Old","Unknown")))) -> Young Adult
A75: U1074 | B75: Cuernavaca | C75: Morelos | D75: Mexico | E75: 18.917 | F75: -99.25 | G75: Yes | H75: Casual Drinker | I75: Car | J75: Single | K75: Kids | L75: 45 | M75: Employed | N75: Medium | O75: Sushi | P75: =IF(L75<=12,"Children", IF(L75<=19,"Teenagers", IF(L75<=49,"Young Adult", IF(L75>=50,"Old","Unknown")))) -> Young Adult
A76: U1075 | B76: San Luis Potosi | C76: San Luis Potosi | D76: Mexico | E76: 22.167575 | F76: -100.96036 | G76: No | H76: Casual Drinker | I76: Car | J76: Single | K76: Independent | L76: 21 | M76: Student | N76: Medium | O76: Mexican | P76: =IF(L76<=12,"Children", IF(L76<=19,"Teenagers", IF(L76<=49,"Young Adult", IF(L76>=50,"Old","Unknown")))) -> Young Adult
A77: U1076 | B77: San Luis Potosi | C77: San Luis Potosi | D77: Mexico | E77: 22.156469 | F77: -100.98554 | G77: No | H77: Social Drinker | I77: Public | J77: Married | K77: Kids | L77: 25 | M77: Student | N77: Medium | O77: Mexican | P77: =IF(L77<=12,"Children", IF(L77<=19,"Teenagers", IF(L77<=49,"Young Adult", IF(L77>=50,"Old","Unknown")))) -> Young Adult
A78: U1077 | B78: San Luis Potosi | C78: San Luis Potosi | D78: Mexico | E78: 22.156469 | F78: -100.98554 | G78: No | H78: Social Drinker | I78: Public | J78: Married | K78: Kids | L78: 25 | M78: Student | N78: Medium | O78: Mexican | P78: =IF(L78<=12,"Children", IF(L78<=19,"Teenagers", IF(L78<=49,"Young Adult", IF(L78>=50,"Old","Unknown")))) -> Young Adult
A79: U1078 | B79: San Luis Potosi | C79: San Luis Potosi | D79: Mexico | E79: 22.172109 | F79: -100.9632 | G79: Yes | H79: Social Drinker | I79: Car | J79: Single | K79: Independent | L79: 29 | M79: Employed | N79: Medium | O79: Mexican | P79: =IF(L79<=12,"Children", IF(L79<=19,"Teenagers", IF(L79<=49,"Young Adult", IF(L79>=50,"Old","Unknown")))) -> Young Adult
A80: U1079 | B80: Cuernavaca | C80: Morelos | D80: Mexico | E80: 18.917 | F80: -99.25 | G80: No | H80: Abstemious | I80: Public | J80: Single | K80: Independent | L80: 20 | N80: Medium | O80: Mexican | P80: =IF(L80<=12,"Children", IF(L80<=19,"Teenagers", IF(L80<=49,"Young Adult", IF(L80>=50,"Old","Unknown")))) -> Young Adult
A81: U1080 | B81: Ciudad Victoria | C81: Tamaulipas | D81: Mexico | E81: 23.743793 | F81: -99.163397 | G81: Yes | H81: Social Drinker | I81: Car | J81: Single | K81: Independent | L81: 25 | M81: Student | N81: Low | O81: Mexican | P81: =IF(L81<=12,"Children", IF(L81<=19,"Teenagers", IF(L81<=49,"Young Adult", IF(L81>=50,"Old","Unknown")))) -> Young Adult
A82: U1081 | B82: San Luis Potosi | C82: San Luis Potosi | D82: Mexico | E82: 22.207749 | F82: -100.94238 | G82: No | H82: Casual Drinker | I82: Public | J82: Single | K82: Independent | L82: 21 | M82: Student | N82: Low | O82: Mexican | P82: =IF(L82<=12,"Children", IF(L82<=19,"Teenagers", IF(L82<=49,"Young Adult", IF(L82>=50,"Old","Unknown")))) -> Young Adult
A83: U1082 | B83: Ciudad Victoria | C83: Tamaulipas | D83: Mexico | E83: 23.753061 | F83: -99.166095 | G83: Yes | H83: Abstemious | I83: Public | J83: Single | L83: 23 | M83: Student | N83: Medium | O83: Mexican | P83: =IF(L83<=12,"Children", IF(L83<=19,"Teenagers", IF(L83<=49,"Young Adult", IF(L83>=50,"Old","Unknown")))) -> Young Adult
A84: U1083 | B84: San Luis Potosi | C84: San Luis Potosi | D84: Mexico | E84: 22.13392 | F84: -101.02837 | G84: No | H84: Abstemious | L84: 31 | O84: Mexican | P84: =IF(L84<=12,"Children", IF(L84<=19,"Teenagers", IF(L84<=49,"Young Adult", IF(L84>=50,"Old","Unknown")))) -> Young Adult
A85: U1084 | B85: San Luis Potosi | C85: San Luis Potosi | D85: Mexico | E85: 22.172524 | F85: -101.00576 | G85: Yes | H85: Casual Drinker | I85: Public | J85: Single | K85: Independent | L85: 21 | M85: Student | N85: Medium | O85: Mexican | P85: =IF(L85<=12,"Children", IF(L85<=19,"Teenagers", IF(L85<=49,"Young Adult", IF(L85>=50,"Old","Unknown")))) -> Young Adult
A86: U1085 | B86: San Luis Potosi | C86: San Luis Potosi | D86: Mexico | E86: 22.196787 | F86: -100.93633 | G86: No | H86: Abstemious | I86: Car | J86: Single | K86: Independent | L86: 24 | M86: Student | O86: Mexican | P86: =IF(L86<=12,"Children", IF(L86<=19,"Teenagers", IF(L86<=49,"Young Adult", IF(L86>=50,"Old","Unknown")))) -> Young Adult
A87: U1086 | B87: San Luis Potosi | C87: San Luis Potosi | D87: Mexico | E87: 22.157281 | F87: -100.98444 | G87: No | H87: Social Drinker | I87: Car | J87: Single | K87: Independent | L87: 21 | M87: Student | N87: Medium | O87: Italian | P87: =IF(L87<=12,"Children", IF(L87<=19,"Teenagers", IF(L87<=49,"Young Adult", IF(L87>=50,"Old","Unknown")))) -> Young Adult
A88: U1087 | B88: Ciudad Victoria | C88: Tamaulipas | D88: Mexico | E88: 23.753336 | F88: -99.167984 | G88: No | H88: Abstemious | I88: Public | J88: Single | K88: Independent | L88: 23 | M88: Student | N88: Medium | O88: Chinese | P88: =IF(L88<=12,"Children", IF(L88<=19,"Teenagers", IF(L88<=49,"Young Adult", IF(L88>=50,"Old","Unknown")))) -> Young Adult
A89: U1088 | B89: San Luis Potosi | C89: San Luis Potosi | D89: Mexico | E89: 22.142748 | F89: -100.94066 | G89: No | H89: Social Drinker | I89: On Foot | J89: Single | K89: Independent | L89: 21 | M89: Student | N89: Medium | O89: Mexican | P89: =IF(L89<=12,"Children", IF(L89<=19,"Teenagers", IF(L89<=49,"Young Adult", IF(L89>=50,"Old","Unknown")))) -> Young Adult
A90: U1089 | B90: San Luis Potosi | C90: San Luis Potosi | D90: Mexico | E90: 22.162562 | F90: -100.99313 | G90: Yes | H90: Casual Drinker | I90: Public | J90: Single | K90: Independent | L90: 22 | M90: Student | N90: Low | O90: Mexican | P90: =IF(L90<=12,"Children", IF(L90<=19,"Teenagers", IF(L90<=49,"Young Adult", IF(L90>=50,"Old","Unknown")))) -> Young Adult
A91: U1090 | B91: San Luis Potosi | C91: San Luis Potosi | D91: Mexico | E91: 22.158473 | F91: -100.98427 | G91: No | H91: Social Drinker | I91: Car | J91: Single | K91: Independent | L91: 24 | M91: Student | N91: Medium | O91: Tex Mex | P91: =IF(L91<=12,"Children", IF(L91<=19,"Teenagers", IF(L91<=49,"Young Adult", IF(L91>=50,"Old","Unknown")))) -> Young Adult
A92: U1091 | B92: San Luis Potosi | C92: San Luis Potosi | D92: Mexico | E92: 22.154677 | F92: -100.94901 | G92: No | H92: Casual Drinker | I92: Car | J92: Single | K92: Independent | L92: 23 | M92: Student | N92: Low | O92: American | P92: =IF(L92<=12,"Children", IF(L92<=19,"Teenagers", IF(L92<=49,"Young Adult", IF(L92>=50,"Old","Unknown")))) -> Young Adult
A93: U1092 | B93: San Luis Potosi | C93: San Luis Potosi | D93: Mexico | E93: 22.125365 | F93: -100.94789 | G93: No | H93: Abstemious | I93: Public | J93: Single | K93: Dependent | L93: 22 | N93: Medium | O93: Game | P93: =IF(L93<=12,"Children", IF(L93<=19,"Teenagers", IF(L93<=49,"Young Adult", IF(L93>=50,"Old","Unknown")))) -> Young Adult
A94: U1093 | B94: Cuernavaca | C94: Morelos | D94: Mexico | E94: 18.871654 | F94: -99.183251 | G94: Yes | H94: Casual Drinker | I94: Car | J94: Single | K94: Independent | L94: 22 | M94: Student | N94: Medium | O94: Japanese | P94: =IF(L94<=12,"Children", IF(L94<=19,"Teenagers", IF(L94<=49,"Young Adult", IF(L94>=50,"Old","Unknown")))) -> Young Adult
A95: U1094 | B95: Ciudad Victoria | C95: Tamaulipas | D95: Mexico | E95: 23.73944 | F95: -99.160548 | G95: No | H95: Abstemious | I95: Public | J95: Single | K95: Independent | L95: 21 | M95: Student | N95: Medium | O95: Mexican | P95: =IF(L95<=12,"Children", IF(L95<=19,"Teenagers", IF(L95<=49,"Young Adult", IF(L95>=50,"Old","Unknown")))) -> Young Adult
A96: U1095 | B96: San Luis Potosi | C96: San Luis Potosi | D96: Mexico | E96: 22.179865 | F96: -101.01855 | G96: No | H96: Abstemious | I96: Public | J96: Married | K96: Independent | L96: 26 | M96: Student | N96: Medium | O96: Italian | P96: =IF(L96<=12,"Children", IF(L96<=19,"Teenagers", IF(L96<=49,"Young Adult", IF(L96>=50,"Old","Unknown")))) -> Young Adult
A97: U1096 | B97: San Luis Potosi | C97: San Luis Potosi | D97: Mexico | E97: 22.1455 | F97: -100.93959 | G97: No | H97: Abstemious | I97: Public | J97: Single | K97: Independent | L97: 22 | M97: Student | N97: Medium | O97: Mexican | P97: =IF(L97<=12,"Children", IF(L97<=19,"Teenagers", IF(L97<=49,"Young Adult", IF(L97>=50,"Old","Unknown")))) -> Young Adult
A98: U1097 | B98: San Luis Potosi | C98: San Luis Potosi | D98: Mexico | E98: 22.145471 | F98: -100.93959 | G98: No | H98: Abstemious | I98: Public | J98: Single | K98: Independent | L98: 22 | M98: Student | N98: Medium | O98: Mexican | P98: =IF(L98<=12,"Children", IF(L98<=19,"Teenagers", IF(L98<=49,"Young Adult", IF(L98>=50,"Old","Unknown")))) -> Young Adult
A99: U1098 | B99: San Luis Potosi | C99: San Luis Potosi | D99: Mexico | E99: 22.182571 | F99: -100.96323 | G99: No | H99: Social Drinker | I99: Public | J99: Single | K99: Independent | L99: 21 | M99: Student | N99: Medium | O99: Mexican | P99: =IF(L99<=12,"Children", IF(L99<=19,"Teenagers", IF(L99<=49,"Young Adult", IF(L99>=50,"Old","Unknown")))) -> Young Adult
A100: U1099 | B100: San Luis Potosi | C100: San Luis Potosi | D100: Mexico | E100: 22.184862 | F100: -100.97053 | G100: Yes | H100: Social Drinker | I100: Public | J100: Single | K100: Independent | L100: 23 | M100: Student | N100: High | O100: Mexican | P100: =IF(L100<=12,"Children", IF(L100<=19,"Teenagers", IF(L100<=49,"Young Adult", IF(L100>=50,"Old","Unknown")))) -> Young Adult
A101: U1100 | B101: Jiutepec | C101: Morelos | D101: Mexico | E101: 18.879729 | F101: -99.067106 | G101: No | H101: Casual Drinker | I101: Public | J101: Single | K101: Independent | L101: 22 | M101: Student | N101: Medium | O101: Mexican | P101: =IF(L101<=12,"Children", IF(L101<=19,"Teenagers", IF(L101<=49,"Young Adult", IF(L101>=50,"Old","Unknown")))) -> Young Adult
A102: U1101 | B102: San Luis Potosi | C102: San Luis Potosi | D102: Mexico | E102: 22.150891 | F102: -100.97489 | G102: No | H102: Casual Drinker | I102: Car | J102: Single | K102: Independent | L102: 24 | M102: Student | N102: Low | O102: Chinese | P102: =IF(L102<=12,"Children", IF(L102<=19,"Teenagers", IF(L102<=49,"Young Adult", IF(L102>=50,"Old","Unknown")))) -> Young Adult
A103: U1102 | B103: San Luis Potosi | C103: San Luis Potosi | D103: Mexico | E103: 22.137131 | F103: -100.94115 | G103: No | H103: Social Drinker | I103: On Foot | J103: Single | K103: Independent | L103: 23 | M103: Student | N103: Low | O103: Pizzeria | P103: =IF(L103<=12,"Children", IF(L103<=19,"Teenagers", IF(L103<=49,"Young Adult", IF(L103>=50,"Old","Unknown")))) -> Young Adult
A104: U1103 | B104: Ciudad Victoria | C104: Tamaulipas | D104: Mexico | E104: 23.752265 | F104: -99.16859 | G104: No | H104: Abstemious | I104: Public | J104: Single | K104: Independent | L104: 23 | M104: Employed | N104: Medium | O104: Mexican | P104: =IF(L104<=12,"Children", IF(L104<=19,"Teenagers", IF(L104<=49,"Young Adult", IF(L104>=50,"Old","Unknown")))) -> Young Adult
A105: U1104 | B105: San Luis Potosi | C105: San Luis Potosi | D105: Mexico | E105: 22.149005 | F105: -100.97815 | G105: Yes | H105: Social Drinker | I105: Car | J105: Single | K105: Independent | L105: 21 | M105: Student | N105: Medium | O105: Italian | P105: =IF(L105<=12,"Children", IF(L105<=19,"Teenagers", IF(L105<=49,"Young Adult", IF(L105>=50,"Old","Unknown")))) -> Young Adult
... A107: U1106 | B107: Cuernavaca | C107: Morelos | D107: Mexico | E107: 18.927072 | F107: -99.173584 | G107: No | H107: Casual Drinker | I107: Car | J107: Single | K107: Independent | L107: 82 | M107: Employed | N107: Medium | O107: Barbecue | P107: =IF(L107<=12,"Children", IF(L107<=19,"Teenagers", IF(L107<=49,"Young Adult", IF(L107>=50,"Old","Unknown")))) -> Old
...

Sheet consumers
A1: Consumer_ID | B1: Consumer_City | C1: Consumer_State | D1: Consumer_Country | E1: Consumer_Latitude | F1: Consumer_Longitude | G1: Consumer_Smoker | H1: Consumer_Drink_Level | I1: Consumer_Transportation_Method | J1: Consumer_Marital_Status | K1: Consumer_Children | L1: Consumer_Age | M1: Consumer_Occupation | N1: Consumer_Budget | O1: Preferred_Cuisine
A2: U1001 | B2: San Luis Potosi | C2: San Luis Potosi | D2: Mexico | E2: 22.139997 | F2: -100.9788 | G2: No | H2: Abstemious | I2: On Foot | J2: Single | K2: Independent | L2: 23 | M2: Student | N2: Medium | O2: =_xlfn.XLOOKUP(A2, consumer_preferences!A:A, consumer_preferences!B:B, "Not Found") -> American
A3: U1002 | B3: San Luis Potosi | C3: San Luis Potosi | D3: Mexico | E3: 22.150087 | F3: -100.98332 | G3: No | H3: Abstemious | I3: Public | J3: Single | K3: Independent | L3: 22 | M3: Student | N3: Low | O3: =_xlfn.XLOOKUP(A3, consumer_preferences!A:A, consumer_preferences!B:B, "Not Found") -> Mexican
A4: U1003 | B4: San Luis Potosi | C4: San Luis Potosi | D4: Mexico | E4: 22.119847 | F4: -100.94653 | G4: No | H4: Social Drinker | I4: Public | J4: Single | K4: Independent | L4: 23 | M4: Student | N4: Low | O4: =_xlfn.XLOOKUP(A4, consumer_preferences!A:A, consumer_preferences!B:B, "Not Found") -> Mexican
A5: U1004 | B5: Cuernavaca | C5: Morelos | D5: Mexico | E5: 18.867 | F5: -99.183 | G5: No | H5: Abstemious | I5: Public | J5: Single | K5: Independent | L5: 72 | M5: Employed | N5: Medium | O5: =_xlfn.XLOOKUP(A5, consumer_preferences!A:A, consumer_preferences!B:B, "Not Found") -> Bakery
A6: U1005 | B6: San Luis Potosi | C6: San Luis Potosi | D6: Mexico | E6: 22.183477 | F6: -100.95989 | G6: No | H6: Abstemious | I6: Public | J6: Single | K6: Independent | L6: 20 | M6: Student | N6: Medium | O6: =_xlfn.XLOOKUP(A6, consumer_preferences!A:A, consumer_preferences!B:B, "Not Found") -> American
A7: U1006 | B7: San Luis Potosi | C7: San Luis Potosi | D7: Mexico | E7: 22.15 | F7: -100.983 | G7: Yes | H7: Social Drinker | I7: Car | J7: Single | K7: Independent | L7: 23 | M7: Student | N7: Medium | O7: =_xlfn.XLOOKUP(A7, consumer_preferences!A:A, consumer_preferences!B:B, "Not Found") -> Mexican
A8: U1007 | B8: San Luis Potosi | C8: San Luis Potosi | D8: Mexico | E8: 22.118464 | F8: -100.93826 | G8: No | H8: Casual Drinker | I8: Public | J8: Single | K8: Independent | L8: 23 | M8: Student | N8: Low | O8: =_xlfn.XLOOKUP(A8, consumer_preferences!A:A, consumer_preferences!B:B, "Not Found") -> Family
A9: U1008 | B9: San Luis Potosi | C9: San Luis Potosi | D9: Mexico | E9: 22.122989 | F9: -100.92381 | G9: No | H9: Social Drinker | I9: Public | J9: Single | K9: Independent | L9: 23 | M9: Student | N9: Low | O9: =_xlfn.XLOOKUP(A9, consumer_preferences!A:A, consumer_preferences!B:B, "Not Found") -> Coffee Shop
A10: U1009 | B10: San Luis Potosi | C10: San Luis Potosi | D10: Mexico | E10: 22.159427 | F10: -100.99045 | G10: No | H10: Abstemious | I10: On Foot | J10: Single | K10: Kids | L10: 21 | M10: Student | N10: Medium | O10: =_xlfn.XLOOKUP(A10, consumer_preferences!A:A, consumer_preferences!B:B, "Not Found") -> Diner
A11: U1010 | B11: San Luis Potosi | C11: San Luis Potosi | D11: Mexico | E11: 22.190889 | F11: -100.99867 | G11: No | H11: Social Drinker | I11: Car | J11: Married | K11: Kids | L11: 25 | M11: Student | N11: Medium | O11: =_xlfn.XLOOKUP(A11, consumer_preferences!A:A, consumer_preferences!B:B, "Not Found") -> Mexican
A12: U1011 | B12: Ciudad Victoria | C12: Tamaulipas | D12: Mexico | E12: 23.724972 | F12: -99.152856 | G12: No | H12: Abstemious | I12: Public | J12: Single | K12: Independent | L12: 23 | M12: Student | N12: Medium | O12: =_xlfn.XLOOKUP(A12, consumer_preferences!A:A, consumer_preferences!B:B, "Not Found") -> Mexican
A13: U1012 | B13: Cuernavaca | C13: Morelos | D13: Mexico | E13: 18.813348 | F13: -99.243697 | G13: No | H13: Casual Drinker | I13: Public | J13: Single | K13: Independent | L13: 24 | M13: Student | N13: Medium | O13: =_xlfn.XLOOKUP(A13, consumer_preferences!A:A, consumer_preferences!B:B, "Not Found") -> Latin American
... A17: U1016 | B17: San Luis Potosi | C17: San Luis Potosi | D17: Mexico | E17: 22.156247 | F17: -100.9774 | G17: No | H17: Casual Drinker | I17: On Foot | J17: Single | K17: Independent | L17: 21 | M17: Student | N17: Medium | O17: =_xlfn.XLOOKUP(A17, consumer_preferences!A:A, consumer_preferences!B:B, "Not Found") -> Coffee Shop
A18: U1017 | B18: Cuernavaca | C18: Morelos | D18: Mexico | E18: 18.952615 | F18: -99.201616 | G18: No | H18: Casual Drinker | I18: Public | J18: Single | L18: 21 | M18: Employed | N18: Medium | O18: =_xlfn.XLOOKUP(A18, consumer_preferences!A:A, consumer_preferences!B:B, "Not Found") -> Chinese
A19: U1018 | B19: San Luis Potosi | C19: San Luis Potosi | D19: Mexico | E19: 22.190949 | F19: -100.9179 | G19: Yes | H19: Casual Drinker | I19: Public | J19: Single | K19: Independent | L19: 23 | M19: Student | N19: Low | O19: =_xlfn.XLOOKUP(A19, consumer_preferences!A:A, consumer_preferences!B:B, "Not Found") -> Mexican
A20: U1019 | B20: San Luis Potosi | C20: San Luis Potosi | D20: Mexico | E20: 22.153385 | F20: -100.97529 | G20: No | H20: Casual Drinker | I20: Public | J20: Single | K20: Independent | L20: 23 | M20: Student | N20: Medium | O20: =_xlfn.XLOOKUP(A20, consumer_preferences!A:A, consumer_preferences!B:B, "Not Found") -> Family
A21: U1020 | B21: Cuernavaca | C21: Morelos | D21: Mexico | E21: 18.878189 | F21: -99.222969 | G21: No | H21: Abstemious | I21: Public | J21: Single | K21: Independent | L21: 30 | M21: Employed | N21: Medium | O21: =_xlfn.XLOOKUP(A21, consumer_preferences!A:A, consumer_preferences!B:B, "Not Found") -> Mexican
A22: U1021 | B22: Ciudad Victoria | C22: Tamaulipas | D22: Mexico | E22: 23.730569 | F22: -99.171883 | G22: No | H22: Social Drinker | I22: Car | J22: Single | K22: Dependent | L22: 28 | M22: Student | N22: Medium | O22: =_xlfn.XLOOKUP(A22, consumer_preferences!A:A, consumer_preferences!B:B, "Not Found") -> Pizzeria
A23: U1022 | B23: San Luis Potosi | C23: San Luis Potosi | D23: Mexico | E23: 22.146708 | F23: -100.96435 | G23: No | H23: Casual Drinker | I23: Car | J23: Single | K23: Independent | L23: 22 | M23: Student | N23: Medium | O23: =_xlfn.XLOOKUP(A23, consumer_preferences!A:A, consumer_preferences!B:B, "Not Found") -> Mexican
A24: U1023 | B24: Ciudad Victoria | C24: Tamaulipas | D24: Mexico | E24: 23.752943 | F24: -99.166589 | G24: No | H24: Casual Drinker | I24: Car | J24: Single | K24: Independent | L24: 24 | M24: Student | N24: Low | O24: =_xlfn.XLOOKUP(A24, consumer_preferences!A:A, consumer_preferences!B:B, "Not Found") -> Mexican
A25: U1024 | B25: San Luis Potosi | C25: San Luis Potosi | D25: Mexico | E25: 22.154021 | F25: -100.97603 | H25: Abstemious | L25: 82 | O25: =_xlfn.XLOOKUP(A25, consumer_preferences!A:A, consumer_preferences!B:B, "Not Found") -> Afghan
A26: U1025 | B26: San Luis Potosi | C26: San Luis Potosi | D26: Mexico | E26: 22.125603 | F26: -100.90784 | G26: No | H26: Social Drinker | I26: Public | J26: Single | L26: 22 | M26: Student | N26: Medium | O26: =_xlfn.XLOOKUP(A26, consumer_preferences!A:A, consumer_preferences!B:B, "Not Found") -> Mexican
A27: U1026 | B27: Ciudad Victoria | C27: Tamaulipas | D27: Mexico | E27: 23.733 | F27: -99.133 | G27: No | H27: Abstemious | I27: Public | J27: Single | K27: Independent | L27: 23 | M27: Student | N27: Medium | O27: =_xlfn.XLOOKUP(A27, consumer_preferences!A:A, consumer_preferences!B:B, "Not Found") -> Mexican
A28: U1027 | B28: San Luis Potosi | C28: San Luis Potosi | D28: Mexico | E28: 22.16515 | F28: -100.98701 | G28: Yes | H28: Social Drinker | I28: Public | J28: Single | K28: Independent | L28: 23 | M28: Student | N28: Low | O28: =_xlfn.XLOOKUP(A28, consumer_preferences!A:A, consumer_preferences!B:B, "Not Found") -> Family
A29: U1028 | B29: Ciudad Victoria | C29: Tamaulipas | D29: Mexico | E29: 23.752874 | F29: -99.169242 | G29: No | H29: Abstemious | I29: Public | J29: Single | K29: Independent | L29: 23 | M29: Student | N29: Medium | O29: =_xlfn.XLOOKUP(A29, consumer_preferences!A:A, consumer_preferences!B:B, "Not Found") -> Mexican
A30: U1029 | B30: San Luis Potosi | C30: San Luis Potosi | D30: Mexico | E30: 22.151796 | F30: -100.98907 | G30: Yes | H30: Casual Drinker | I30: Public | J30: Single | K30: Independent | L30: 22 | M30: Student | N30: Low | O30: =_xlfn.XLOOKUP(A30, consumer_preferences!A:A, consumer_preferences!B:B, "Not Found") -> Mexican
A31: U1030 | B31: Cuernavaca | C31: Morelos | D31: Mexico | E31: 18.844818 | F31: -99.182758 | G31: No | H31: Casual Drinker | I31: On Foot | J31: Single | K31: Independent | L31: 21 | M31: Student | N31: Medium | O31: =_xlfn.XLOOKUP(A31, consumer_preferences!A:A, consumer_preferences!B:B, "Not Found") -> Mexican
A32: U1031 | B32: Ciudad Victoria | C32: Tamaulipas | D32: Mexico | E32: 23.735698 | F32: -99.159851 | G32: No | H32: Abstemious | J32: Married | K32: Kids | L32: 20 | M32: Unemployed | N32: Medium | O32: =_xlfn.XLOOKUP(A32, consumer_preferences!A:A, consumer_preferences!B:B, "Not Found") -> Mexican
A33: U1032 | B33: San Luis Potosi | C33: San Luis Potosi | D33: Mexico | E33: 22.169184 | F33: -100.98684 | G33: No | H33: Abstemious | I33: Public | J33: Single | K33: Independent | L33: 23 | M33: Student | N33: Medium | O33: =_xlfn.XLOOKUP(A33, consumer_preferences!A:A, consumer_preferences!B:B, "Not Found") -> Mexican
A34: U1033 | B34: San Luis Potosi | C34: San Luis Potosi | D34: Mexico | E34: 22.15 | F34: -100.983 | G34: No | H34: Social Drinker | I34: On Foot | J34: Single | L34: 21 | M34: Student | N34: Low | O34: =_xlfn.XLOOKUP(A34, consumer_preferences!A:A, consumer_preferences!B:B, "Not Found") -> Mexican
A35: U1034 | B35: San Luis Potosi | C35: San Luis Potosi | D35: Mexico | E35: 22.137178 | F35: -101.01317 | G35: No | H35: Casual Drinker | I35: Public | J35: Single | K35: Independent | L35: 22 | M35: Student | N35: Medium | O35: =_xlfn.XLOOKUP(A35, consumer_preferences!A:A, consumer_preferences!B:B, "Not Found") -> Mexican
A36: U1035 | B36: Cuernavaca | C36: Morelos | D36: Mexico | E36: 18.839671 | F36: -99.223897 | G36: Yes | H36: Casual Drinker | I36: Car | J36: Single | K36: Independent | L36: 27 | M36: Student | N36: Medium | O36: =_xlfn.XLOOKUP(A36, consumer_preferences!A:A, consumer_preferences!B:B, "Not Found") -> Family
A37: U1036 | B37: San Luis Potosi | C37: San Luis Potosi | D37: Mexico | E37: 22.160572 | F37: -100.98942 | G37: No | H37: Social Drinker | I37: Public | J37: Single | K37: Independent | L37: 21 | M37: Student | N37: Medium | O37: =_xlfn.XLOOKUP(A37, consumer_preferences!A:A, consumer_preferences!B:B, "Not Found") -> Mexican
A38: U1037 | B38: San Luis Potosi | C38: San Luis Potosi | D38: Mexico | E38: 22.15031 | F38: -100.90054 | G38: No | H38: Social Drinker | I38: Public | J38: Single | K38: Independent | L38: 22 | M38: Student | N38: Low | O38: =_xlfn.XLOOKUP(A38, consumer_preferences!A:A, consumer_preferences!B:B, "Not Found") -> Mexican
A39: U1038 | B39: San Luis Potosi | C39: San Luis Potosi | D39: Mexico | E39: 22.125786 | F39: -100.9437 | G39: Yes | H39: Social Drinker | I39: Public | J39: Single | K39: Independent | L39: 82 | M39: Student | N39: Low | O39: =_xlfn.XLOOKUP(A39, consumer_preferences!A:A, consumer_preferences!B:B, "Not Found") -> Mexican
A40: U1039 | B40: Ciudad Victoria | C40: Tamaulipas | D40: Mexico | E40: 23.738067 | F40: -99.139906 | G40: No | H40: Social Drinker | J40: Single | K40: Independent | L40: 23 | M40: Student | N40: Medium | O40: =_xlfn.XLOOKUP(A40, consumer_preferences!A:A, consumer_preferences!B:B, "Not Found") -> Regional
A41: U1040 | B41: Cuernavaca | C41: Morelos | D41: Mexico | E41: 18.895187 | F41: -99.18039 | G41: No | H41: Abstemious | I41: Public | J41: Single | K41: Independent | L41: 18 | M41: Student | N41: Medium | O41: =_xlfn.XLOOKUP(A41, consumer_preferences!A:A, consumer_preferences!B:B, "Not Found") -> Pizzeria
A42: U1041 | B42: Cuernavaca | C42: Morelos | D42: Mexico | E42: 18.935191 | F42: -99.23624 | G42: No | H42: Abstemious | I42: On Foot | J42: Single | K42: Independent | L42: 27 | M42: Employed | N42: Medium | O42: =_xlfn.XLOOKUP(A42, consumer_preferences!A:A, consumer_preferences!B:B, "Not Found") -> Contemporary
A43: U1042 | B43: Cuernavaca | C43: Morelos | D43: Mexico | E43: 18.925773 | F43: -99.219589 | G43: No | H43: Abstemious | I43: Car | J43: Single | K43: Independent | L43: 69 | M43: Student | N43: High | O43: =_xlfn.XLOOKUP(A43, consumer_preferences!A:A, consumer_preferences!B:B, "Not Found") -> Mexican
A44: U1043 | B44: Ciudad Victoria | C44: Tamaulipas | D44: Mexico | E44: 23.77103 | F44: -99.167082 | G44: No | H44: Abstemious | I44: Public | J44: Single | K44: Independent | L44: 23 | M44: Student | N44: Medium | O44: =_xlfn.XLOOKUP(A44, consumer_preferences!A:A, consumer_preferences!B:B, "Not Found") -> Latin American
A45: U1044 | B45: Cuernavaca | C45: Morelos | D45: Mexico | E45: 18.95298 | F45: -99.260789 | G45: Yes | H45: Social Drinker | I45: Car | J45: Married | K45: Kids | L45: 43 | M45: Employed | N45: Medium | O45: =_xlfn.XLOOKUP(A45, consumer_preferences!A:A, consumer_preferences!B:B, "Not Found") -> Mexican
A46: U1045 | B46: San Luis Potosi | C46: San Luis Potosi | D46: Mexico | E46: 22.156724 | F46: -100.98427 | G46: No | H46: Casual Drinker | I46: Car | J46: Single | K46: Independent | L46: 21 | M46: Student | N46: High | O46: =_xlfn.XLOOKUP(A46, consumer_preferences!A:A, consumer_preferences!B:B, "Not Found") -> Middle Eastern
A47: U1046 | B47: San Luis Potosi | C47: San Luis Potosi | D47: Mexico | E47: 22.144415 | F47: -100.9331 | G47: No | H47: Social Drinker | I47: Car | J47: Single | K47: Independent | L47: 22 | M47: Student | N47: Medium | O47: =_xlfn.XLOOKUP(A47, consumer_preferences!A:A, consumer_preferences!B:B, "Not Found") -> Bar
A48: U1047 | B48: San Luis Potosi | C48: San Luis Potosi | D48: Mexico | E48: 22.142429 | F48: -100.94915 | G48: No | H48: Abstemious | I48: Public | J48: Single | K48: Independent | L48: 20 | M48: Student | N48: Medium | O48: =_xlfn.XLOOKUP(A48, consumer_preferences!A:A, consumer_preferences!B:B, "Not Found") -> American
A49: U1048 | B49: San Luis Potosi | C49: San Luis Potosi | D49: Mexico | E49: 22.142208 | F49: -101.02278 | G49: Yes | H49: Casual Drinker | I49: Public | J49: Single | K49: Independent | L49: 24 | M49: Student | N49: Medium | O49: =_xlfn.XLOOKUP(A49, consumer_preferences!A:A, consumer_preferences!B:B, "Not Found") -> Mexican
A50: U1049 | B50: San Luis Potosi | C50: San Luis Potosi | D50: Mexico | E50: 22.15 | F50: -100.983 | G50: No | H50: Casual Drinker | I50: Public | J50: Single | L50: 21 | M50: Student | O50: =_xlfn.XLOOKUP(A50, consumer_preferences!A:A, consumer_preferences!B:B, "Not Found") -> Mexican
A51: U1050 | B51: Ciudad Victoria | C51: Tamaulipas | D51: Mexico | E51: 23.758815 | F51: -99.171216 | G51: No | H51: Social Drinker | I51: Car | J51: Single | K51: Independent | L51: 23 | M51: Student | N51: Medium | O51: =_xlfn.XLOOKUP(A51, consumer_preferences!A:A, consumer_preferences!B:B, "Not Found") -> Mexican
A52: U1051 | B52: Cuernavaca | C52: Morelos | D52: Mexico | E52: 18.877719 | F52: -99.22299 | G52: No | H52: Casual Drinker | I52: Public | J52: Single | K52: Independent | L52: 33 | M52: Employed | N52: Medium | O52: =_xlfn.XLOOKUP(A52, consumer_preferences!A:A, consumer_preferences!B:B, "Not Found") -> Mexican
A53: U1052 | B53: San Luis Potosi | C53: San Luis Potosi | D53: Mexico | E53: 22.138055 | F53: -100.936 | G53: Yes | H53: Social Drinker | I53: On Foot | J53: Single | K53: Independent | L53: 22 | M53: Student | N53: Low | O53: =_xlfn.XLOOKUP(A53, consumer_preferences!A:A, consumer_preferences!B:B, "Not Found") -> Bakery
A54: U1053 | B54: San Luis Potosi | C54: San Luis Potosi | D54: Mexico | E54: 22.175833 | F54: -100.98667 | G54: No | H54: Casual Drinker | I54: Public | J54: Single | K54: Independent | L54: 22 | M54: Student | N54: Low | O54: =_xlfn.XLOOKUP(A54, consumer_preferences!A:A, consumer_preferences!B:B, "Not Found") -> Mexican
A55: U1054 | B55: San Luis Potosi | C55: San Luis Potosi | D55: Mexico | E55: 22.150683 | F55: -100.97534 | G55: No | H55: Social Drinker | I55: Public | J55: Single | K55: Independent | L55: 20 | M55: Student | N55: Medium | O55: =_xlfn.XLOOKUP(A55, consumer_preferences!A:A, consumer_preferences!B:B, "Not Found") -> Mexican
A56: U1055 | B56: San Luis Potosi | C56: San Luis Potosi | D56: Mexico | E56: 22.143289 | F56: -100.98768 | G56: No | H56: Abstemious | I56: Car | J56: Married | K56: Dependent | L56: 60 | M56: Employed | N56: Medium | O56: =_xlfn.XLOOKUP(A56, consumer_preferences!A:A, consumer_preferences!B:B, "Not Found") -> Breakfast
A57: U1056 | B57: San Luis Potosi | C57: San Luis Potosi | D57: Mexico | E57: 22.168997 | F57: -100.97438 | G57: No | H57: Social Drinker | I57: On Foot | J57: Single | K57: Independent | L57: 82 | M57: Student | N57: Medium | O57: =_xlfn.XLOOKUP(A57, consumer_preferences!A:A, consumer_preferences!B:B, "Not Found") -> Mexican
A58: U1057 | B58: San Luis Potosi | C58: San Luis Potosi | D58: Mexico | E58: 22.196624 | F58: -100.91217 | G58: Yes | H58: Casual Drinker | I58: Public | J58: Single | K58: Independent | L58: 23 | M58: Student | N58: Medium | O58: =_xlfn.XLOOKUP(A58, consumer_preferences!A:A, consumer_preferences!B:B, "Not Found") -> American
A59: U1058 | B59: San Luis Potosi | C59: San Luis Potosi | D59: Mexico | E59: 22.205802 | F59: -100.98608 | G59: No | H59: Abstemious | I59: Public | J59: Single | K59: Independent | L59: 21 | M59: Student | N59: Low | O59: =_xlfn.XLOOKUP(A59, consumer_preferences!A:A, consumer_preferences!B:B, "Not Found") -> Cuban
A60: U1059 | B60: Jiutepec | C60: Morelos | D60: Mexico | E60: 18.988278 | F60: -99.097023 | G60: No | H60: Abstemious | I60: On Foot | J60: Single | K60: Independent | L60: 25 | M60: Student | N60: Medium | O60: =_xlfn.XLOOKUP(A60, consumer_preferences!A:A, consumer_preferences!B:B, "Not Found") -> Mexican
A61: U1060 | B61: Ciudad Victoria | C61: Tamaulipas | D61: Mexico | E61: 23.715238 | F61: -99.158864 | G61: No | H61: Casual Drinker | I61: Public | J61: Single | K61: Independent | L61: 21 | M61: Student | N61: Medium | O61: =_xlfn.XLOOKUP(A61, consumer_preferences!A:A, consumer_preferences!B:B, "Not Found") -> Burgers
A62: U1061 | B62: San Luis Potosi | C62: San Luis Potosi | D62: Mexico | E62: 22.140388 | F62: -100.93732 | G62: No | H62: Social Drinker | I62: Car | J62: Single | K62: Independent | L62: 22 | M62: Employed | N62: Medium | O62: =_xlfn.XLOOKUP(A62, consumer_preferences!A:A, consumer_preferences!B:B, "Not Found") -> Mexican
... A66: U1065 | B66: Ciudad Victoria | C66: Tamaulipas | D66: Mexico | E66: 23.733665 | F66: -99.105617 | G66: No | H66: Abstemious | I66: Public | J66: Single | K66: Independent | L66: 23 | M66: Student | N66: Medium | O66: =_xlfn.XLOOKUP(A66, consumer_preferences!A:A, consumer_preferences!B:B, "Not Found") -> Mexican
A67: U1066 | B67: Jiutepec | C67: Morelos | D67: Mexico | E67: 18.890695 | F67: -99.157104 | G67: No | H67: Abstemious | I67: Public | J67: Single | L67: 26 | M67: Student | N67: Low | O67: =_xlfn.XLOOKUP(A67, consumer_preferences!A:A, consumer_preferences!B:B, "Not Found") -> Mexican
A68: U1067 | B68: Ciudad Victoria | C68: Tamaulipas | D68: Mexico | E68: 23.752269 | F68: -99.168605 | G68: No | H68: Abstemious | I68: Public | J68: Single | K68: Independent | L68: 25 | M68: Student | N68: Medium | O68: =_xlfn.XLOOKUP(A68, consumer_preferences!A:A, consumer_preferences!B:B, "Not Found") -> Mexican
A69: U1068 | B69: Ciudad Victoria | C69: Tamaulipas | D69: Mexico | E69: 23.752269 | F69: -99.168605 | G69: No | H69: Casual Drinker | I69: Public | J69: Single | K69: Independent | L69: 24 | M69: Student | N69: Low | O69: =_xlfn.XLOOKUP(A69, consumer_preferences!A:A, consumer_preferences!B:B, "Not Found") -> Mexican
A70: U1069 | B70: Jiutepec | C70: Morelos | D70: Mexico | E70: 19.347641 | F70: -99.130229 | G70: No | H70: Social Drinker | I70: Public | J70: Single | K70: Independent | L70: 29 | M70: Employed | N70: Medium | O70: =_xlfn.XLOOKUP(A70, consumer_preferences!A:A, consumer_preferences!B:B, "Not Found") -> Mexican
A71: U1070 | B71: Ciudad Victoria | C71: Tamaulipas | D71: Mexico | E71: 23.753237 | F71: -99.166868 | G71: No | H71: Casual Drinker | I71: Public | J71: Single | K71: Independent | L71: 21 | M71: Student | N71: Low | O71: =_xlfn.XLOOKUP(A71, consumer_preferences!A:A, consumer_preferences!B:B, "Not Found") -> Mexican
A72: U1071 | B72: San Luis Potosi | C72: San Luis Potosi | D72: Mexico | E72: 22.154339 | F72: -100.97534 | G72: No | H72: Abstemious | I72: Car | J72: Single | K72: Independent | L72: 82 | M72: Student | N72: High | O72: =_xlfn.XLOOKUP(A72, consumer_preferences!A:A, consumer_preferences!B:B, "Not Found") -> Mexican
A73: U1072 | B73: Cuernavaca | C73: Morelos | D73: Mexico | E73: 18.86826 | F73: -99.212033 | G73: No | H73: Casual Drinker | I73: Public | J73: Single | K73: Independent | L73: 28 | M73: Student | N73: Medium | O73: =_xlfn.XLOOKUP(A73, consumer_preferences!A:A, consumer_preferences!B:B, "Not Found") -> Mexican
A74: U1073 | B74: San Luis Potosi | C74: San Luis Potosi | D74: Mexico | E74: 22.15 | F74: -100.983 | G74: No | H74: Abstemious | I74: Car | J74: Single | K74: Kids | L74: 23 | M74: Unemployed | N74: Medium | O74: =_xlfn.XLOOKUP(A74, consumer_preferences!A:A, consumer_preferences!B:B, "Not Found") -> American
A75: U1074 | B75: Cuernavaca | C75: Morelos | D75: Mexico | E75: 18.917 | F75: -99.25 | G75: Yes | H75: Casual Drinker | I75: Car | J75: Single | K75: Kids | L75: 45 | M75: Employed | N75: Medium | O75: =_xlfn.XLOOKUP(A75, consumer_preferences!A:A, consumer_preferences!B:B, "Not Found") -> Sushi
A76: U1075 | B76: San Luis Potosi | C76: San Luis Potosi | D76: Mexico | E76: 22.167575 | F76: -100.96036 | G76: No | H76: Casual Drinker | I76: Car | J76: Single | K76: Independent | L76: 21 | M76: Student | N76: Medium | O76: =_xlfn.XLOOKUP(A76, consumer_preferences!A:A, consumer_preferences!B:B, "Not Found") -> Mexican
A77: U1076 | B77: San Luis Potosi | C77: San Luis Potosi | D77: Mexico | E77: 22.156469 | F77: -100.98554 | G77: No | H77: Social Drinker | I77: Public | J77: Married | K77: Kids | L77: 25 | M77: Student | N77: Medium | O77: =_xlfn.XLOOKUP(A77, consumer_preferences!A:A, consumer_preferences!B:B, "Not Found") -> Mexican
A78: U1077 | B78: San Luis Potosi | C78: San Luis Potosi | D78: Mexico | E78: 22.156469 | F78: -100.98554 | G78: No | H78: Social Drinker | I78: Public | J78: Married | K78: Kids | L78: 25 | M78: Student | N78: Medium | O78: =_xlfn.XLOOKUP(A78, consumer_preferences!A:A, consumer_preferences!B:B, "Not Found") -> Mexican
A79: U1078 | B79: San Luis Potosi | C79: San Luis Potosi | D79: Mexico | E79: 22.172109 | F79: -100.9632 | G79: Yes | H79: Social Drinker | I79: Car | J79: Single | K79: Independent | L79: 29 | M79: Employed | N79: Medium | O79: =_xlfn.XLOOKUP(A79, consumer_preferences!A:A, consumer_preferences!B:B, "Not Found") -> Mexican
A80: U1079 | B80: Cuernavaca | C80: Morelos | D80: Mexico | E80: 18.917 | F80: -99.25 | G80: No | H80: Abstemious | I80: Public | J80: Single | K80: Independent | L80: 20 | N80: Medium | O80: =_xlfn.XLOOKUP(A80, consumer_preferences!A:A, consumer_preferences!B:B, "Not Found") -> Mexican
A81: U1080 | B81: Ciudad Victoria | C81: Tamaulipas | D81: Mexico | E81: 23.743793 | F81: -99.163397 | G81: Yes | H81: Social Drinker | I81: Car | J81: Single | K81: Independent | L81: 25 | M81: Student | N81: Low | O81: =_xlfn.XLOOKUP(A81, consumer_preferences!A:A, consumer_preferences!B:B, "Not Found") -> Mexican
A82: U1081 | B82: San Luis Potosi | C82: San Luis Potosi | D82: Mexico | E82: 22.207749 | F82: -100.94238 | G82: No | H82: Casual Drinker | I82: Public | J82: Single | K82: Independent | L82: 21 | M82: Student | N82: Low | O82: =_xlfn.XLOOKUP(A82, consumer_preferences!A:A, consumer_preferences!B:B, "Not Found") -> Mexican
A83: U1082 | B83: Ciudad Victoria | C83: Tamaulipas | D83: Mexico | E83: 23.753061 | F83: -99.166095 | G83: Yes | H83: Abstemious | I83: Public | J83: Single | L83: 23 | M83: Student | N83: Medium | O83: =_xlfn.XLOOKUP(A83, consumer_preferences!A:A, consumer_preferences!B:B, "Not Found") -> Mexican
A84: U1083 | B84: San Luis Potosi | C84: San Luis Potosi | D84: Mexico | E84: 22.13392 | F84: -101.02837 | G84: No | H84: Abstemious | L84: 31 | O84: =_xlfn.XLOOKUP(A84, consumer_preferences!A:A, consumer_preferences!B:B, "Not Found") -> Mexican
A85: U1084 | B85: San Luis Potosi | C85: San Luis Potosi | D85: Mexico | E85: 22.172524 | F85: -101.00576 | G85: Yes | H85: Casual Drinker | I85: Public | J85: Single | K85: Independent | L85: 21 | M85: Student | N85: Medium | O85: =_xlfn.XLOOKUP(A85, consumer_preferences!A:A, consumer_preferences!B:B, "Not Found") -> Mexican
A86: U1085 | B86: San Luis Potosi | C86: San Luis Potosi | D86: Mexico | E86: 22.196787 | F86: -100.93633 | G86: No | H86: Abstemious | I86: Car | J86: Single | K86: Independent | L86: 24 | M86: Student | O86: =_xlfn.XLOOKUP(A86, consumer_preferences!A:A, consumer_preferences!B:B, "Not Found") -> Mexican
A87: U1086 | B87: San Luis Potosi | C87: San Luis Potosi | D87: Mexico | E87: 22.157281 | F87: -100.98444 | G87: No | H87: Social Drinker | I87: Car | J87: Single | K87: Independent | L87: 21 | M87: Student | N87: Medium | O87: =_xlfn.XLOOKUP(A87, consumer_preferences!A:A, consumer_preferences!B:B, "Not Found") -> Italian
A88: U1087 | B88: Ciudad Victoria | C88: Tamaulipas | D88: Mexico | E88: 23.753336 | F88: -99.167984 | G88: No | H88: Abstemious | I88: Public | J88: Single | K88: Independent | L88: 23 | M88: Student | N88: Medium | O88: =_xlfn.XLOOKUP(A88, consumer_preferences!A:A, consumer_preferences!B:B, "Not Found") -> Chinese
A89: U1088 | B89: San Luis Potosi | C89: San Luis Potosi | D89: Mexico | E89: 22.142748 | F89: -100.94066 | G89: No | H89: Social Drinker | I89: On Foot | J89: Single | K89: Independent | L89: 21 | M89: Student | N89: Medium | O89: =_xlfn.XLOOKUP(A89, consumer_preferences!A:A, consumer_preferences!B:B, "Not Found") -> Mexican
A90: U1089 | B90: San Luis Potosi | C90: San Luis Potosi | D90: Mexico | E90: 22.162562 | F90: -100.99313 | G90: Yes | H90: Casual Drinker | I90: Public | J90: Single | K90: Independent | L90: 22 | M90: Student | N90: Low | O90: =_xlfn.XLOOKUP(A90, consumer_preferences!A:A, consumer_preferences!B:B, "Not Found") -> Mexican
A91: U1090 | B91: San Luis Potosi | C91: San Luis Potosi | D91: Mexico | E91: 22.158473 | F91: -100.98427 | G91: No | H91: Social Drinker | I91: Car | J91: Single | K91: Independent | L91: 24 | M91: Student | N91: Medium | O91: =_xlfn.XLOOKUP(A91, consumer_preferences!A:A, consumer_preferences!B:B, "Not Found") -> Tex Mex
A92: U1091 | B92: San Luis Potosi | C92: San Luis Potosi | D92: Mexico | E92: 22.154677 | F92: -100.94901 | G92: No | H92: Casual Drinker | I92: Car | J92: Single | K92: Independent | L92: 23 | M92: Student | N92: Low | O92: =_xlfn.XLOOKUP(A92, consumer_preferences!A:A, consumer_preferences!B:B, "Not Found") -> American
A93: U1092 | B93: San Luis Potosi | C93: San Luis Potosi | D93: Mexico | E93: 22.125365 | F93: -100.94789 | G93: No | H93: Abstemious | I93: Public | J93: Single | K93: Dependent | L93: 22 | N93: Medium | O93: =_xlfn.XLOOKUP(A93, consumer_preferences!A:A, consumer_preferences!B:B, "Not Found") -> Game
A94: U1093 | B94: Cuernavaca | C94: Morelos | D94: Mexico | E94: 18.871654 | F94: -99.183251 | G94: Yes | H94: Casual Drinker | I94: Car | J94: Single | K94: Independent | L94: 22 | M94: Student | N94: Medium | O94: =_xlfn.XLOOKUP(A94, consumer_preferences!A:A, consumer_preferences!B:B, "Not Found") -> Japanese
A95: U1094 | B95: Ciudad Victoria | C95: Tamaulipas | D95: Mexico | E95: 23.73944 | F95: -99.160548 | G95: No | H95: Abstemious | I95: Public | J95: Single | K95: Independent | L95: 21 | M95: Student | N95: Medium | O95: =_xlfn.XLOOKUP(A95, consumer_preferences!A:A, consumer_preferences!B:B, "Not Found") -> Mexican
A96: U1095 | B96: San Luis Potosi | C96: San Luis Potosi | D96: Mexico | E96: 22.179865 | F96: -101.01855 | G96: No | H96: Abstemious | I96: Public | J96: Married | K96: Independent | L96: 26 | M96: Student | N96: Medium | O96: =_xlfn.XLOOKUP(A96, consumer_preferences!A:A, consumer_preferences!B:B, "Not Found") -> Italian
A97: U1096 | B97: San Luis Potosi | C97: San Luis Potosi | D97: Mexico | E97: 22.1455 | F97: -100.93959 | G97: No | H97: Abstemious | I97: Public | J97: Single | K97: Independent | L97: 22 | M97: Student | N97: Medium | O97: =_xlfn.XLOOKUP(A97, consumer_preferences!A:A, consumer_preferences!B:B, "Not Found") -> Mexican
A98: U1097 | B98: San Luis Potosi | C98: San Luis Potosi | D98: Mexico | E98: 22.145471 | F98: -100.93959 | G98: No | H98: Abstemious | I98: Public | J98: Single | K98: Independent | L98: 22 | M98: Student | N98: Medium | O98: =_xlfn.XLOOKUP(A98, consumer_preferences!A:A, consumer_preferences!B:B, "Not Found") -> Mexican
A99: U1098 | B99: San Luis Potosi | C99: San Luis Potosi | D99: Mexico | E99: 22.182571 | F99: -100.96323 | G99: No | H99: Social Drinker | I99: Public | J99: Single | K99: Independent | L99: 21 | M99: Student | N99: Medium | O99: =_xlfn.XLOOKUP(A99, consumer_preferences!A:A, consumer_preferences!B:B, "Not Found") -> Mexican
A100: U1099 | B100: San Luis Potosi | C100: San Luis Potosi | D100: Mexico | E100: 22.184862 | F100: -100.97053 | G100: Yes | H100: Social Drinker | I100: Public | J100: Single | K100: Independent | L100: 23 | M100: Student | N100: High | O100: =_xlfn.XLOOKUP(A100, consumer_preferences!A:A, consumer_preferences!B:B, "Not Found") -> Mexican
A101: U1100 | B101: Jiutepec | C101: Morelos | D101: Mexico | E101: 18.879729 | F101: -99.067106 | G101: No | H101: Casual Drinker | I101: Public | J101: Single | K101: Independent | L101: 22 | M101: Student | N101: Medium | O101: =_xlfn.XLOOKUP(A101, consumer_preferences!A:A, consumer_preferences!B:B, "Not Found") -> Mexican
A102: U1101 | B102: San Luis Potosi | C102: San Luis Potosi | D102: Mexico | E102: 22.150891 | F102: -100.97489 | G102: No | H102: Casual Drinker | I102: Car | J102: Single | K102: Independent | L102: 24 | M102: Student | N102: Low | O102: =_xlfn.XLOOKUP(A102, consumer_preferences!A:A, consumer_preferences!B:B, "Not Found") -> Chinese
A103: U1102 | B103: San Luis Potosi | C103: San Luis Potosi | D103: Mexico | E103: 22.137131 | F103: -100.94115 | G103: No | H103: Social Drinker | I103: On Foot | J103: Single | K103: Independent | L103: 23 | M103: Student | N103: Low | O103: =_xlfn.XLOOKUP(A103, consumer_preferences!A:A, consumer_preferences!B:B, "Not Found") -> Pizzeria
A104: U1103 | B104: Ciudad Victoria | C104: Tamaulipas | D104: Mexico | E104: 23.752265 | F104: -99.16859 | G104: No | H104: Abstemious | I104: Public | J104: Single | K104: Independent | L104: 23 | M104: Employed | N104: Medium | O104: =_xlfn.XLOOKUP(A104, consumer_preferences!A:A, consumer_preferences!B:B, "Not Found") -> Mexican
A105: U1104 | B105: San Luis Potosi | C105: San Luis Potosi | D105: Mexico | E105: 22.149005 | F105: -100.97815 | G105: Yes | H105: Social Drinker | I105: Car | J105: Single | K105: Independent | L105: 21 | M105: Student | N105: Medium | O105: =_xlfn.XLOOKUP(A105, consumer_preferences!A:A, consumer_preferences!B:B, "Not Found") -> Italian
... A107: U1106 | B107: Cuernavaca | C107: Morelos | D107: Mexico | E107: 18.927072 | F107: -99.173584 | G107: No | H107: Casual Drinker | I107: Car | J107: Single | K107: Independent | L107: 82 | M107: Employed | N107: Medium | O107: =_xlfn.XLOOKUP(A107, consumer_preferences!A:A, consumer_preferences!B:B, "Not Found") -> Barbecue
...

Sheet RatingsTable
A1: Consumer_ID | B1: Restaurant_ID | C1: Overall_Rating | D1: Food_Rating | E1: Service_Rating
A2: U1077 | B2: 135085 | C2: 2 | D2: 2 | E2: 2
A3: U1077 | B3: 135038 | C3: 2 | D3: 2 | E3: 1
A4: U1077 | B4: 132825 | C4: 2 | D4: 2 | E4: 2
A5: U1077 | B5: 135060 | C5: 1 | D5: 2 | E5: 2
A6: U1068 | B6: 135104 | C6: 1 | D6: 1 | E6: 2
A7: U1068 | B7: 132740 | C7: 0 | D7: 0 | E7: 0
A8: U1068 | B8: 132663 | C8: 1 | D8: 1 | E8: 1
A9: U1068 | B9: 132732 | C9: 0 | D9: 0 | E9: 0
A10: U1068 | B10: 132630 | C10: 1 | D10: 1 | E10: 1
A11: U1067 | B11: 132584 | C11: 2 | D11: 2 | E11: 2
A12: U1067 | B12: 132733 | C12: 1 | D12: 1 | E12: 1
A13: U1067 | B13: 132732 | C13: 1 | D13: 2 | E13: 2
... A1162: U1068 | B1162: 132660 | C1162: 0 | D1162: 0 | E1162: 0

Sheet ratings
A1: Consumer_ID | B1: Restaurant_ID | C1: Overall_Rating | D1: Food_Rating | E1: Service_Rating
A2: U1077 | B2: 135085 | C2: 2 | D2: 2 | E2: 2
A3: U1077 | B3: 135038 | C3: 2 | D3: 2 | E3: 1
A4: U1077 | B4: 132825 | C4: 2 | D4: 2 | E4: 2
A5: U1077 | B5: 135060 | C5: 1 | D5: 2 | E5: 2
A6: U1068 | B6: 135104 | C6: 1 | D6: 1 | E6: 2
A7: U1068 | B7: 132740 | C7: 0 | D7: 0 | E7: 0
A8: U1068 | B8: 132663 | C8: 1 | D8: 1 | E8: 1
A9: U1068 | B9: 132732 | C9: 0 | D9: 0 | E9: 0
A10: U1068 | B10: 132630 | C10: 1 | D10: 1 | E10: 1
A11: U1067 | B11: 132584 | C11: 2 | D11: 2 | E11: 2
A12: U1067 | B12: 132733 | C12: 1 | D12: 1 | E12: 1
A13: U1067 | B13: 132732 | C13: 1 | D13: 2 | E13: 2
... A1162: U1068 | B1162: 132660 | C1162: 0 | D1162: 0 | E1162: 0

Sheet RestaurantTable
A1: Restaurant_ID | B1: Restaurant_Name | C1: Restaurant_City | D1: Restaurant_State | E1: Restaurant_Country | F1: Restaurant_Zip_Code | G1: Restaurant_Latitude | H1: Restaurant_Longitude | I1: Restaurant_Alcohol_Service | J1: Restaurant_Smoking_Allowed | K1: Restaurant_Price | L1: Restaurant_Franchise | M1: Restaurant_Area | N1: Restaurant_Parking | O1: Restaurant_Cuisine
A2: 132560 | B2: Puesto de Gorditas | C2: Ciudad Victoria | D2: Tamaulipas | E2: Mexico | G2: 23.752304 | H2: -99.166913 | I2: None | J2: Yes | K2: Low | L2: No | M2: Open | N2: Public | O2: Regional
A3: 132561 | B3: Cafe Ambar | C3: Ciudad Victoria | D3: Tamaulipas | E3: Mexico | G3: 23.726819 | H3: -99.126506 | I3: None | J3: No | K3: Low | L3: No | M3: Closed | N3: None | O3: Not Found
A4: 132564 | B4: Church's | C4: Ciudad Victoria | D4: Tamaulipas | E4: Mexico | G4: 23.730925 | H4: -99.145185 | I4: None | J4: No | K4: Low | L4: No | M4: Closed | N4: None | O4: Not Found
A5: 132572 | B5: Cafe Chaires | C5: San Luis Potosi | D5: San Luis Potosi | E5: Mexico | G5: 22.141647 | H5: -100.99271 | I5: None | J5: No | K5: Low | L5: No | M5: Closed | N5: Yes | O5: Cafeteria
A6: 132583 | B6: McDonalds Centro | C6: Cuernavaca | D6: Morelos | E6: Mexico | F6: 62000 | G6: 18.92229 | H6: -99.234332 | I6: None | J6: No | K6: Low | L6: Yes | M6: Closed | N6: None | O6: American
A7: 132584 | B7: Gorditas Doña Tota | C7: Ciudad Victoria | D7: Tamaulipas | E7: Mexico | G7: 23.752365 | H7: -99.165288 | I7: None | J7: No | K7: Medium | L7: Yes | M7: Closed | N7: Yes | O7: Mexican
A8: 132594 | B8: Tacos De Barbacoa Enfrente Del Tec | C8: Ciudad Victoria | D8: Tamaulipas | E8: Mexico | G8: 23.752168 | H8: -99.165709 | I8: None | J8: No | K8: Low | L8: No | M8: Open | N8: Public | O8: Mexican
A9: 132608 | B9: Hamburguesas La Perica | C9: Ciudad Victoria | D9: Tamaulipas | E9: Mexico | G9: 23.758805 | H9: -99.16513 | I9: None | J9: Yes | K9: Low | L9: Yes | M9: Open | N9: Public | O9: Mexican
A10: 132609 | B10: Pollo Frito Buenos Aires | C10: Ciudad Victoria | D10: Tamaulipas | E10: Mexico | G10: 23.760268 | H10: -99.165865 | I10: None | J10: No | K10: Low | L10: Yes | M10: Closed | N10: Yes | O10: Fast Food
A11: 132613 | B11: Carnitas Mata | C11: Ciudad Victoria | D11: Tamaulipas | E11: Mexico | G11: 23.752903 | H11: -99.165076 | I11: None | J11: Yes | K11: Medium | L11: Yes | M11: Closed | N11: Yes | O11: Mexican
A12: 132626 | B12: La Perica Hamburguesa | C12: Ciudad Victoria | D12: Tamaulipas | E12: Mexico | G12: 23.737583 | H12: -99.135132 | I12: None | J12: No | K12: Medium | L12: Yes | M12: Closed | N12: Yes | O12: Italian
A13: 132630 | B13: Palomo Tec | C13: Ciudad Victoria | D13: Tamaulipas | E13: Mexico | G13: 23.752931 | H13: -99.164473 | I13: None | J13: No | K13: Low | L13: No | M13: Closed | N13: None | O13: Mexican
A14: 132654 | B14: Carnitas Mata Calle 16 de Septiembre | C14: Ciudad Victoria | D14: Tamaulipas | E14: Mexico | G14: 23.735523 | H14: -99.129588 | I14: None | J14: No | K14: Low | L14: No | M14: Closed | N14: None | O14: Not Found
A15: 132660 | B15: Carnitas Mata Calle Emilio Portes Gil | C15: Ciudad Victoria | D15: Tamaulipas | E15: Mexico | G15: 23.752943 | H15: -99.164679 | I15: None | J15: No | K15: Low | L15: No | M15: Closed | N15: None | O15: Not Found
A16: 132663 | B16: Tacos Abi | C16: Ciudad Victoria | D16: Tamaulipas | E16: Mexico | G16: 23.752511 | H16: -99.166954 | I16: None | J16: No | K16: Low | L16: No | M16: Closed | N16: None | O16: Mexican
A17: 132665 | B17: Tacos Correcaminos | C17: Ciudad Victoria | D17: Tamaulipas | E17: Mexico | G17: 23.736798 | H17: -99.134241 | I17: None | J17: No | K17: Low | L17: No | M17: Closed | N17: None | O17: Mexican
A18: 132667 | B18: Little Pizza Emilio Portes Gil | C18: Ciudad Victoria | D18: Tamaulipas | E18: Mexico | G18: 23.752697 | H18: -99.163359 | I18: None | J18: No | K18: Low | L18: Yes | M18: Closed | N18: None | O18: Armenian
... A23: 132723 | B23: Gordas De Morales | C23: San Luis Potosi | D23: San Luis Potosi | E23: Mexico | G23: 22.148934 | H23: -101.01985 | I23: Full Bar | J23: Smoking Section | K23: Medium | L23: No | M23: Closed | N23: Public | O23: Mexican
A24: 132732 | B24: Taqueria El Amigo | C24: Ciudad Victoria | D24: Tamaulipas | E24: Mexico | F24: 87018 | G24: 23.754357 | H24: -99.171288 | I24: None | J24: No | K24: Low | L24: No | M24: Open | N24: None | O24: Mexican
A25: 132733 | B25: Little Caesars | C25: Ciudad Victoria | D25: Tamaulipas | E25: Mexico | G25: 23.752707 | H25: -99.162565 | I25: None | J25: No | K25: Medium | L25: Yes | M25: Closed | N25: Yes | O25: Pizzeria
A26: 132740 | B26: Carreton De Flautas Y Migadas | C26: Ciudad Victoria | D26: Tamaulipas | E26: Mexico | G26: 23.752197 | H26: -99.166632 | I26: None | J26: Yes | K26: Low | L26: No | M26: Open | N26: None | O26: Mexican
A27: 132754 | B27: Cabana Huasteca | C27: San Luis Potosi | D27: San Luis Potosi | E27: Mexico | G27: 22.147738 | H27: -100.99062 | I27: None | J27: No | K27: Medium | L27: No | M27: Closed | N27: None | O27: Mexican
A28: 132755 | B28: La Estrella De Dimas | C28: San Luis Potosi | D28: San Luis Potosi | E28: Mexico | G28: 22.153324 | H28: -101.01955 | I28: None | J28: No | K28: Medium | L28: No | M28: Closed | N28: Public | O28: Mexican
A29: 132766 | B29: Mikasa | C29: Cuernavaca | D29: Morelos | E29: Mexico | G29: 18.910178 | H29: -99.231544 | I29: Wine & Beer | J29: No | K29: Medium | L29: No | M29: Closed | N29: Yes | O29: Japanese
A30: 132767 | B30: Restaurant Familiar El Chino | C30: Jiutepec | D30: Morelos | E30: Mexico | G30: 18.882087 | H30: -99.163027 | I30: Wine & Beer | J30: Yes | K30: Medium | L30: No | M30: Open | N30: Yes | O30: Vietnamese
A31: 132768 | B31: Mariscos Tia Licha | C31: Cuernavaca | D31: Morelos | E31: Mexico | F31: 62320 | G31: 18.925773 | H31: -99.232636 | I31: None | J31: No | K31: Medium | L31: Yes | M31: Closed | N31: None | O31: Family
A32: 132773 | B32: El Cotorreo | C32: Cuernavaca | D32: Morelos | E32: Mexico | G32: 18.869993 | H32: -99.210319 | I32: Wine & Beer | J32: Yes | K32: Low | L32: No | M32: Open | N32: None | O32: Family
A33: 132825 | B33: Puesto De Tacos | C33: San Luis Potosi | D33: San Luis Potosi | E33: Mexico | F33: 78280 | G33: 22.147392 | H33: -100.98309 | I33: None | J33: No | K33: Low | L33: No | M33: Open | N33: None | O33: Mexican
A34: 132830 | B34: Rincon Huasteco | C34: San Luis Potosi | D34: San Luis Potosi | E34: Mexico | G34: 22.150849 | H34: -100.93975 | I34: None | J34: No | K34: Low | L34: No | M34: Closed | N34: None | O34: Not Found
A35: 132834 | B35: Gorditas Doa Gloria | C35: San Luis Potosi | D35: San Luis Potosi | E35: Mexico | F35: 78349 | G35: 22.156469 | H35: -100.98554 | I35: None | J35: No | K35: Low | L35: No | M35: Closed | N35: Public | O35: Mexican
A36: 132845 | B36: Cenaduria El Rincón De Tlaquepaque | C36: San Luis Potosi | D36: San Luis Potosi | E36: Mexico | G36: 22.126293 | H36: -100.90078 | I36: None | J36: No | K36: Medium | L36: No | M36: Closed | N36: None | O36: Mexican
A37: 132846 | B37: El Lechon Potosino | C37: San Luis Potosi | D37: San Luis Potosi | E37: Mexico | G37: 22.142273 | H37: -100.94265 | I37: None | J37: Yes | K37: Low | L37: No | M37: Open | N37: None | O37: International
A38: 132847 | B38: Don Burguers | C38: San Luis Potosi | D38: San Luis Potosi | E38: Mexico | G38: 22.144337 | H38: -100.93738 | I38: None | J38: No | K38: Low | L38: No | M38: Open | N38: None | O38: Not Found
A39: 132851 | B39: KFC | C39: San Luis Potosi | D39: San Luis Potosi | E39: Mexico | G39: 22.136872 | H39: -100.93457 | I39: None | J39: No | K39: Low | L39: No | M39: Closed | N39: Yes | O39: American
A40: 132854 | B40: Sirlone | C40: San Luis Potosi | D40: San Luis Potosi | E40: Mexico | G40: 22.137863 | H40: -100.93833 | I40: Wine & Beer | J40: No | K40: Medium | L40: No | M40: Closed | N40: Yes | O40: International
A41: 132856 | B41: Unicol's Pizza | C41: San Luis Potosi | D41: San Luis Potosi | E41: Mexico | G41: 22.151378 | H41: -100.97463 | I41: Wine & Beer | J41: No | K41: Low | L41: No | M41: Closed | N41: None | O41: Italian
A42: 132858 | B42: Hamburguesas Valle Dorado | C42: San Luis Potosi | D42: San Luis Potosi | E42: Mexico | G42: 22.131292 | H42: -100.93719 | I42: None | J42: No | K42: Low | L42: No | M42: Closed | N42: None | O42: Burgers
A43: 132861 | B43: Carl's Jr | C43: San Luis Potosi | D43: San Luis Potosi | E43: Mexico | G43: 22.148097 | H43: -101.0173 | I43: None | J43: No | K43: Medium | L43: Yes | M43: Closed | N43: Yes | O43: Burgers
A44: 132862 | B44: La Posada Del Virrey | C44: San Luis Potosi | D44: San Luis Potosi | E44: Mexico | G44: 22.150643 | H44: -100.98701 | I44: Wine & Beer | J44: No | K44: High | L44: No | M44: Closed | N44: Valet | O44: International
A45: 132866 | B45: Chaires | C45: San Luis Potosi | D45: San Luis Potosi | E45: Mexico | G45: 22.14122 | H45: -100.93131 | I45: None | J45: No | K45: Medium | L45: No | M45: Closed | N45: Yes | O45: Bakery
A46: 132869 | B46: Dominos Pizza | C46: San Luis Potosi | D46: San Luis Potosi | E46: Mexico | G46: 22.141238 | H46: -100.92393 | I46: None | J46: No | K46: Medium | L46: No | M46: Closed | N46: Yes | O46: Pizzeria
A47: 132870 | B47: Tortas Y Hamburguesas El Gordo | C47: San Luis Potosi | D47: San Luis Potosi | E47: Mexico | G47: 22.143078 | H47: -100.93548 | I47: None | J47: No | K47: Low | L47: No | M47: Closed | N47: None | O47: Burgers
... A51: 132884 | B51: Dairy Queen | C51: San Luis Potosi | D51: San Luis Potosi | E51: Mexico | G51: 22.139578 | H51: -101.02789 | I51: None | J51: No | K51: Low | L51: No | M51: Closed | N51: None | O51: Not Found
A52: 132885 | B52: Hamburguesas Saul | C52: San Luis Potosi | D52: San Luis Potosi | E52: Mexico | F52: 78433 | G52: 22.179517 | H52: -100.95844 | I52: None | J52: No | K52: Low | L52: No | M52: Closed | N52: Public | O52: Cafeteria
A53: 132921 | B53: Crudalia | C53: San Luis Potosi | D53: San Luis Potosi | E53: Mexico | G53: 22.150305 | H53: -100.98913 | I53: Wine & Beer | J53: Smoking Section | K53: Low | L53: No | M53: Open | N53: None | O53: Bar
A54: 132922 | B54: Cafe Punta Del Cielo | C54: San Luis Potosi | D54: San Luis Potosi | E54: Mexico | G54: 22.151135 | H54: -100.98231 | I54: None | J54: Yes | K54: Medium | L54: No | M54: Closed | N54: None | O54: Cafeteria
A55: 132925 | B55: El Pueblito | C55: San Luis Potosi | D55: San Luis Potosi | E55: Mexico | G55: 22.1535 | H55: -100.97624 | I55: Wine & Beer | J55: No | K55: Medium | L55: No | M55: Closed | N55: None | O55: Mexican
A56: 132937 | B56: Rockabilly | C56: San Luis Potosi | D56: San Luis Potosi | E56: Mexico | G56: 22.150019 | H56: -100.97992 | I56: Full Bar | J56: Smoking Section | K56: Low | L56: No | M56: Closed | N56: None | O56: Bar
A57: 132951 | B57: Vips | C57: San Luis Potosi | D57: San Luis Potosi | E57: Mexico | G57: 22.154474 | H57: -100.98581 | I57: None | J57: No | K57: Low | L57: No | M57: Closed | N57: Yes | O57: American
A58: 132954 | B58: La Parroquia | C58: San Luis Potosi | D58: San Luis Potosi | E58: Mexico | G58: 22.160381 | H58: -100.98804 | I58: None | J58: No | K58: Medium | L58: Yes | M58: Closed | N58: Yes | O58: Breakfast
A59: 132955 | B59: Emilianos | C59: San Luis Potosi | D59: San Luis Potosi | E59: Mexico | G59: 22.147622 | H59: -101.01027 | I59: Wine & Beer | J59: No | K59: Low | L59: Yes | M59: Closed | N59: None | O59: Brewery
A60: 132958 | B60: Tacos Los Volcanes | C60: San Luis Potosi | D60: San Luis Potosi | E60: Mexico | G60: 22.144979 | H60: -101.00568 | I60: None | J60: No | K60: Low | L60: Yes | M60: Closed | N60: None | O60: American
A61: 134975 | B61: Rincon Del Bife | C61: Cuernavaca | D61: Morelos | E61: Mexico | G61: 18.940828 | H61: -99.215426 | I61: Full Bar | J61: Smoking Section | K61: High | L61: No | M61: Closed | N61: Valet | O61: Not Found
A62: 134976 | B62: Log Yin | C62: Cuernavaca | D62: Morelos | E62: Mexico | G62: 18.916654 | H62: -99.22711 | I62: None | J62: No | K62: Low | L62: No | M62: Closed | N62: Yes | O62: Mexican
A63: 134983 | B63: Restaurant And Bar And Clothesline Carlos N Charlies | C63: Cuernavaca | D63: Morelos | E63: Mexico | F63: 62250 | G63: 18.948657 | H63: -99.235361 | I63: Full Bar | J63: Smoking Section | K63: High | L63: No | M63: Closed | N63: Yes | O63: Bar
A64: 134986 | B64: Restaurant Las Mañanitas | C64: Cuernavaca | D64: Morelos | E64: Mexico | G64: 18.928798 | H64: -99.239513 | I64: Wine & Beer | J64: No | K64: High | L64: No | M64: Closed | N64: Yes | O64: International
A65: 134987 | B65: Chilis Cuernavaca | C65: Cuernavaca | D65: Morelos | E65: Mexico | F65: 62290 | G65: 18.932725 | H65: -99.225211 | I65: Wine & Beer | J65: No | K65: Medium | L65: No | M65: Closed | N65: None | O65: Not Found
A66: 134992 | B66: Restaurant Teely | C66: Cuernavaca | D66: Morelos | E66: Mexico | G66: 18.936683 | H66: -99.247366 | I66: Wine & Beer | J66: Smoking Section | K66: High | L66: No | M66: Closed | N66: Yes | O66: Not Found
A67: 134996 | B67: Sanborns Casa Piedra | C67: Cuernavaca | D67: Morelos | E67: Mexico | G67: 18.923429 | H67: -99.216413 | I67: Wine & Beer | J67: Bar Only | K67: Medium | L67: Yes | M67: Closed | N67: Yes | O67: Not Found
A68: 134999 | B68: Kiku Cuernavaca | C68: Cuernavaca | D68: Morelos | E68: Mexico | G68: 18.915421 | H68: -99.184871 | I68: None | J68: No | K68: Medium | L68: No | M68: Closed | N68: None | O68: Japanese
A69: 135000 | B69: Restaurant Los Pinos | C69: Cuernavaca | D69: Morelos | E69: Mexico | F69: 62790 | G69: 18.870565 | H69: -99.226938 | I69: None | J69: No | K69: Medium | L69: No | M69: Closed | N69: None | O69: Not Found
A70: 135001 | B70: Vips | C70: Cuernavaca | D70: Morelos | E70: Mexico | F70: 62170 | G70: 18.941859 | H70: -99.241927 | I70: Wine & Beer | J70: No | K70: Medium | L70: Yes | M70: Closed | N70: Yes | O70: Not Found
A71: 135011 | B71: Los Vikingos | C71: Cuernavaca | D71: Morelos | E71: Mexico | G71: 18.91061 | H71: -99.169539 | I71: None | J71: No | K71: Medium | L71: Yes | M71: Closed | N71: None | O71: Not Found
A72: 135013 | B72: Giovannis | C72: Cuernavaca | D72: Morelos | E72: Mexico | G72: 18.917441 | H72: -99.165945 | I72: None | J72: No | K72: Low | L72: No | M72: Closed | N72: None | O72: Not Found
A73: 135016 | B73: Arrachela Grill | C73: Cuernavaca | D73: Morelos | E73: Mexico | G73: 18.869347 | H73: -99.209944 | I73: None | J73: No | K73: Medium | L73: No | M73: Closed | N73: None | O73: Not Found
A74: 135018 | B74: El Oceano Dorado | C74: Cuernavaca | D74: Morelos | E74: Mexico | G74: 18.859803 | H74: -99.222164 | I74: Full Bar | J74: Yes | K74: Medium | L74: No | M74: Open | N74: Yes | O74: Mexican
A75: 135019 | B75: Restaurant Bar Coty Y Pablo | C75: Jiutepec | D75: Morelos | E75: Mexico | G75: 18.875011 | H75: -99.159422 | I75: None | J75: No | K75: Low | L75: No | M75: Closed | N75: None | O75: Bar
A76: 135021 | B76: Subway | C76: Cuernavaca | D76: Morelos | E76: Mexico | F76: 62290 | G76: 18.933537 | H76: -99.222497 | I76: None | J76: No | K76: Low | L76: Yes | M76: Closed | N76: Public | O76: Fast Food
A77: 135025 | B77: El Rincon De San Francisco | C77: San Luis Potosi | D77: San Luis Potosi | E77: Mexico | G77: 22.14955 | H77: -100.97797 | I77: None | J77: No | K77: Medium | L77: No | M77: Closed | N77: None | O77: Mexican
A78: 135026 | B78: La Cantina | C78: San Luis Potosi | D78: San Luis Potosi | E78: Mexico | F78: 78250 | G78: 22.148665 | H78: -101.00127 | I78: Full Bar | J78: No | K78: High | L78: No | M78: Closed | N78: None | O78: Bar
A79: 135027 | B79: Restaurant Orizatlan | C79: San Luis Potosi | D79: San Luis Potosi | E79: Mexico | G79: 22.147145 | H79: -100.97449 | I79: Wine & Beer | J79: No | K79: Medium | L79: No | M79: Closed | N79: None | O79: Mexican
A80: 135028 | B80: La Virreina | C80: San Luis Potosi | D80: San Luis Potosi | E80: Mexico | G80: 22.146658 | H80: -100.98722 | I80: Wine & Beer | J80: No | K80: Medium | L80: No | M80: Closed | N80: None | O80: Mexican
A81: 135030 | B81: Preambulo Wifi Zone Cafe | C81: San Luis Potosi | D81: San Luis Potosi | E81: Mexico | G81: 22.14788 | H81: -100.98947 | I81: None | J81: No | K81: Medium | L81: No | M81: Closed | N81: None | O81: Coffee Shop
A82: 135032 | B82: Cafeteria Y Restaurant El Pacifico | C82: San Luis Potosi | D82: San Luis Potosi | E82: Mexico | F82: 78000 | G82: 22.152481 | H82: -100.97349 | I82: Wine & Beer | J82: Smoking Section | K82: Medium | L82: No | M82: Closed | N82: Public | O82: Cafeteria
A83: 135033 | B83: Restaurant El Muladar De Calzada | C83: San Luis Potosi | D83: San Luis Potosi | E83: Mexico | F83: 78399 | G83: 22.14161 | H83: -100.97314 | I83: None | J83: Smoking Section | K83: Medium | L83: No | M83: Closed | N83: None | O83: Not Found
A84: 135034 | B84: Michiko Restaurant Japones | C84: San Luis Potosi | D84: San Luis Potosi | E84: Mexico | F84: 78210 | G84: 22.140517 | H84: -101.02142 | I84: None | J84: No | K84: Medium | L84: No | M84: Closed | N84: None | O84: Japanese
A85: 135035 | B85: El Mundo De La Pasta | C85: San Luis Potosi | D85: San Luis Potosi | E85: Mexico | F85: 78210 | G85: 22.145813 | H85: -101.01803 | I85: None | J85: Smoking Section | K85: High | L85: No | M85: Closed | N85: Yes | O85: Italian
A86: 135038 | B86: Restaurant La Chalita | C86: San Luis Potosi | D86: San Luis Potosi | E86: Mexico | F86: 78000 | G86: 22.155651 | H86: -100.97777 | I86: None | J86: Smoking Section | K86: Medium | L86: No | M86: Closed | N86: None | O86: Not Found
A87: 135039 | B87: Restaurant De Mariscos De Picon | C87: San Luis Potosi | D87: San Luis Potosi | E87: Mexico | F87: 79300 | G87: 22.145893 | H87: -100.97487 | I87: None | J87: Smoking Section | K87: Low | L87: No | M87: Closed | N87: Yes | O87: Seafood
A88: 135040 | B88: Restaurant Los Compadres | C88: San Luis Potosi | D88: San Luis Potosi | E88: Mexico | F88: 74000 | G88: 22.135617 | H88: -100.96971 | I88: Wine & Beer | J88: No | K88: High | L88: No | M88: Closed | N88: Yes | O88: Not Found
A89: 135041 | B89: Luna Cafe | C89: San Luis Potosi | D89: San Luis Potosi | E89: Mexico | G89: 22.15106 | H89: -100.97766 | I89: Wine & Beer | J89: No | K89: Medium | L89: No | M89: Closed | N89: None | O89: Bar
A90: 135042 | B90: Restaurant Oriental Express | C90: San Luis Potosi | D90: San Luis Potosi | E90: Mexico | F90: 78269 | G90: 22.159357 | H90: -100.97341 | I90: None | J90: No | K90: Medium | L90: No | M90: Closed | N90: None | O90: Chinese
A91: 135043 | B91: Pizza Clasica | C91: San Luis Potosi | D91: San Luis Potosi | E91: Mexico | G91: 22.185756 | H91: -100.94452 | I91: None | J91: No | K91: Medium | L91: No | M91: Closed | N91: None | O91: Fast Food
A92: 135044 | B92: Restaurant Wu Zhuo Yi | C92: San Luis Potosi | D92: San Luis Potosi | E92: Mexico | F92: 78240 | G92: 22.141848 | H92: -100.99747 | I92: None | J92: No | K92: Medium | L92: No | M92: Closed | N92: None | O92: Chinese
A93: 135045 | B93: Restaurante La Gran Via | C93: San Luis Potosi | D93: San Luis Potosi | E93: Mexico | F93: 78000 | G93: 22.151189 | H93: -100.98179 | I93: Wine & Beer | J93: No | K93: High | L93: No | M93: Closed | N93: Yes | O93: Not Found
A94: 135046 | B94: Restaurante El Reyecito | C94: San Luis Potosi | D94: San Luis Potosi | E94: Mexico | F94: 78200 | G94: 22.141282 | H94: -101.00296 | I94: None | J94: No | K94: Medium | L94: No | M94: Closed | N94: Yes | O94: Fast Food
A95: 135047 | B95: Restaurante Casa De Las Flores | C95: San Luis Potosi | D95: San Luis Potosi | E95: Mexico | F95: 78310 | G95: 22.150921 | H95: -100.99383 | I95: Wine & Beer | J95: Smoking Section | K95: High | L95: No | M95: Closed | N95: Yes | O95: Not Found
A96: 135048 | B96: Restaurante Bar Fu-Hao | C96: San Luis Potosi | D96: San Luis Potosi | E96: Mexico | F96: 78269 | G96: 22.142017 | H96: -100.99925 | I96: Wine & Beer | J96: No | K96: High | L96: No | M96: Closed | N96: Yes | O96: Bar
A97: 135049 | B97: Restaurante De Mariscos La Langosta | C97: San Luis Potosi | D97: San Luis Potosi | E97: Mexico | F97: 78214 | G97: 22.135011 | H97: -101.0286 | I97: None | J97: No | K97: Medium | L97: No | M97: Closed | N97: None | O97: Seafood
A98: 135050 | B98: Restaurante La Estrella De Dima | C98: San Luis Potosi | D98: San Luis Potosi | E98: Mexico | F98: 78430 | G98: 22.174887 | H98: -100.97083 | I98: Wine & Beer | J98: No | K98: High | L98: No | M98: Closed | N98: Yes | O98: Not Found
A99: 135051 | B99: Restaurante Versalles | C99: San Luis Potosi | D99: San Luis Potosi | E99: Mexico | F99: 78000 | G99: 22.151189 | H99: -100.97706 | I99: None | J99: Smoking Section | K99: Low | L99: No | M99: Closed | N99: None | O99: Not Found
A100: 135052 | B100: La Cantina Restaurante | C100: San Luis Potosi | D100: San Luis Potosi | E100: Mexico | F100: 78000 | G100: 22.150981 | H100: -100.97741 | I100: Full Bar | J100: No | K100: High | L100: No | M100: Closed | N100: None | O100: Bar
A101: 135053 | B101: La Fontana Pizza Restaurante And Cafe | C101: San Luis Potosi | D101: San Luis Potosi | E101: Mexico | F101: 62460 | G101: 22.178931 | H101: -101.01286 | I101: None | J101: Smoking Section | K101: High | L101: No | M101: Closed | N101: Yes | O101: Cafeteria
A102: 135054 | B102: Restaurante Y Pescaderia Tampico | C102: San Luis Potosi | D102: San Luis Potosi | E102: Mexico | F102: 78000 | G102: 22.140626 | H102: -100.91566 | I102: None | J102: No | K102: High | L102: No | M102: Closed | N102: Yes | O102: Seafood
A103: 135055 | B103: La Cochinita Pibil Restaurante Yucateco | C103: San Luis Potosi | D103: San Luis Potosi | E103: Mexico | F103: 78270 | G103: 22.148854 | H103: -101.00847 | I103: None | J103: Smoking Section | K103: High | L103: No | M103: Closed | N103: Yes | O103: Mexican
... A126: 135086 | B126: McDonalds Parque Tangamanga | C126: San Luis Potosi | D126: San Luis Potosi | E126: Mexico | F126: 78290 | G126: 22.141421 | H126: -101.01395 | I126: None | J126: No | K126: Medium | L126: Yes | M126: Closed | N126: Yes | O126: Burgers
A127: 135088 | B127: Cafeteria Cenidet | C127: Cuernavaca | D127: Morelos | E127: Mexico | G127: 18.876011 | H127: -99.21989 | I127: None | J127: No | K127: Low | L127: No | M127: Closed | N127: Public | O127: Cafeteria
A128: 135104 | B128: Vips | C128: Ciudad Victoria | D128: Tamaulipas | E128: Mexico | G128: 23.752982 | H128: -99.168434 | I128: Full Bar | J128: No | K128: Medium | L128: Yes | M128: Closed | N128: Yes | O128: Mexican
A129: 135106 | B129: El Rincón De San Francisco | C129: San Luis Potosi | D129: San Luis Potosi | E129: Mexico | F129: 78000 | G129: 22.149709 | H129: -100.97609 | I129: Wine & Beer | J129: Bar Only | K129: Medium | L129: No | M129: Open | N129: None | O129: Mexican
...

Sheet restaurants
A1: Restaurant_ID | B1: Restaurant_Name | C1: Restaurant_City | D1: Restaurant_State | E1: Restaurant_Country | F1: Restaurant_Zip_Code | G1: Restaurant_Latitude | H1: Restaurant_Longitude | I1: Restaurant_Alcohol_Service | J1: Restaurant_Smoking_Allowed | K1: Restaurant_Price | L1: Restaurant_Franchise | M1: Restaurant_Area | N1: Restaurant_Parking | O1: Restaurant_Cuisine
A2: 132560 | B2: Puesto de Gorditas | C2: Ciudad Victoria | D2: Tamaulipas | E2: Mexico | G2: 23.752304 | H2: -99.166913 | I2: None | J2: Yes | K2: Low | L2: No | M2: Open | N2: Public | O2: =_xlfn.XLOOKUP(A2, restaurant_cuisines!A:A,restaurant_cuisines!B:B,"Not Found") -> Regional
A3: 132561 | B3: Cafe Ambar | C3: Ciudad Victoria | D3: Tamaulipas | E3: Mexico | G3: 23.726819 | H3: -99.126506 | I3: None | J3: No | K3: Low | L3: No | M3: Closed | N3: None | O3: =_xlfn.XLOOKUP(A3, restaurant_cuisines!A:A,restaurant_cuisines!B:B,"Not Found") -> Not Found
A4: 132564 | B4: Church's | C4: Ciudad Victoria | D4: Tamaulipas | E4: Mexico | G4: 23.730925 | H4: -99.145185 | I4: None | J4: No | K4: Low | L4: No | M4: Closed | N4: None | O4: =_xlfn.XLOOKUP(A4, restaurant_cuisines!A:A,restaurant_cuisines!B:B,"Not Found") -> Not Found
A5: 132572 | B5: Cafe Chaires | C5: San Luis Potosi | D5: San Luis Potosi | E5: Mexico | G5: 22.141647 | H5: -100.99271 | I5: None | J5: No | K5: Low | L5: No | M5: Closed | N5: Yes | O5: =_xlfn.XLOOKUP(A5, restaurant_cuisines!A:A,restaurant_cuisines!B:B,"Not Found") -> Cafeteria
A6: 132583 | B6: McDonalds Centro | C6: Cuernavaca | D6: Morelos | E6: Mexico | F6: 62000 | G6: 18.92229 | H6: -99.234332 | I6: None | J6: No | K6: Low | L6: Yes | M6: Closed | N6: None | O6: =_xlfn.XLOOKUP(A6, restaurant_cuisines!A:A,restaurant_cuisines!B:B,"Not Found") -> American
A7: 132584 | B7: Gorditas Doña Tota | C7: Ciudad Victoria | D7: Tamaulipas | E7: Mexico | G7: 23.752365 | H7: -99.165288 | I7: None | J7: No | K7: Medium | L7: Yes | M7: Closed | N7: Yes | O7: =_xlfn.XLOOKUP(A7, restaurant_cuisines!A:A,restaurant_cuisines!B:B,"Not Found") -> Mexican
A8: 132594 | B8: Tacos De Barbacoa Enfrente Del Tec | C8: Ciudad Victoria | D8: Tamaulipas | E8: Mexico | G8: 23.752168 | H8: -99.165709 | I8: None | J8: No | K8: Low | L8: No | M8: Open | N8: Public | O8: =_xlfn.XLOOKUP(A8, restaurant_cuisines!A:A,restaurant_cuisines!B:B,"Not Found") -> Mexican
A9: 132608 | B9: Hamburguesas La Perica | C9: Ciudad Victoria | D9: Tamaulipas | E9: Mexico | G9: 23.758805 | H9: -99.16513 | I9: None | J9: Yes | K9: Low | L9: Yes | M9: Open | N9: Public | O9: =_xlfn.XLOOKUP(A9, restaurant_cuisines!A:A,restaurant_cuisines!B:B,"Not Found") -> Mexican
A10: 132609 | B10: Pollo Frito Buenos Aires | C10: Ciudad Victoria | D10: Tamaulipas | E10: Mexico | G10: 23.760268 | H10: -99.165865 | I10: None | J10: No | K10: Low | L10: Yes | M10: Closed | N10: Yes | O10: =_xlfn.XLOOKUP(A10, restaurant_cuisines!A:A,restaurant_cuisines!B:B,"Not Found") -> Fast Food
A11: 132613 | B11: Carnitas Mata | C11: Ciudad Victoria | D11: Tamaulipas | E11: Mexico | G11: 23.752903 | H11: -99.165076 | I11: None | J11: Yes | K11: Medium | L11: Yes | M11: Closed | N11: Yes | O11: =_xlfn.XLOOKUP(A11, restaurant_cuisines!A:A,restaurant_cuisines!B:B,"Not Found") -> Mexican
A12: 132626 | B12: La Perica Hamburguesa | C12: Ciudad Victoria | D12: Tamaulipas | E12: Mexico | G12: 23.737583 | H12: -99.135132 | I12: None | J12: No | K12: Medium | L12: Yes | M12: Closed | N12: Yes | O12: =_xlfn.XLOOKUP(A12, restaurant_cuisines!A:A,restaurant_cuisines!B:B,"Not Found") -> Italian
A13: 132630 | B13: Palomo Tec | C13: Ciudad Victoria | D13: Tamaulipas | E13: Mexico | G13: 23.752931 | H13: -99.164473 | I13: None | J13: No | K13: Low | L13: No | M13: Closed | N13: None | O13: =_xlfn.XLOOKUP(A13, restaurant_cuisines!A:A,restaurant_cuisines!B:B,"Not Found") -> Mexican
A14: 132654 | B14: Carnitas Mata Calle 16 de Septiembre | C14: Ciudad Victoria | D14: Tamaulipas | E14: Mexico | G14: 23.735523 | H14: -99.129588 | I14: None | J14: No | K14: Low | L14: No | M14: Closed | N14: None | O14: =_xlfn.XLOOKUP(A14, restaurant_cuisines!A:A,restaurant_cuisines!B:B,"Not Found") -> Not Found
A15: 132660 | B15: Carnitas Mata Calle Emilio Portes Gil | C15: Ciudad Victoria | D15: Tamaulipas | E15: Mexico | G15: 23.752943 | H15: -99.164679 | I15: None | J15: No | K15: Low | L15: No | M15: Closed | N15: None | O15: =_xlfn.XLOOKUP(A15, restaurant_cuisines!A:A,restaurant_cuisines!B:B,"Not Found") -> Not Found
A16: 132663 | B16: Tacos Abi | C16: Ciudad Victoria | D16: Tamaulipas | E16: Mexico | G16: 23.752511 | H16: -99.166954 | I16: None | J16: No | K16: Low | L16: No | M16: Closed | N16: None | O16: =_xlfn.XLOOKUP(A16, restaurant_cuisines!A:A,restaurant_cuisines!B:B,"Not Found") -> Mexican
A17: 132665 | B17: Tacos Correcaminos | C17: Ciudad Victoria | D17: Tamaulipas | E17: Mexico | G17: 23.736798 | H17: -99.134241 | I17: None | J17: No | K17: Low | L17: No | M17: Closed | N17: None | O17: =_xlfn.XLOOKUP(A17, restaurant_cuisines!A:A,restaurant_cuisines!B:B,"Not Found") -> Mexican
A18: 132667 | B18: Little Pizza Emilio Portes Gil | C18: Ciudad Victoria | D18: Tamaulipas | E18: Mexico | G18: 23.752697 | H18: -99.163359 | I18: None | J18: No | K18: Low | L18: Yes | M18: Closed | N18: None | O18: =_xlfn.XLOOKUP(A18, restaurant_cuisines!A:A,restaurant_cuisines!B:B,"Not Found") -> Armenian
... A23: 132723 | B23: Gordas De Morales | C23: San Luis Potosi | D23: San Luis Potosi | E23: Mexico | G23: 22.148934 | H23: -101.01985 | I23: Full Bar | J23: Smoking Section | K23: Medium | L23: No | M23: Closed | N23: Public | O23: =_xlfn.XLOOKUP(A23, restaurant_cuisines!A:A,restaurant_cuisines!B:B,"Not Found") -> Mexican
A24: 132732 | B24: Taqueria El Amigo | C24: Ciudad Victoria | D24: Tamaulipas | E24: Mexico | F24: 87018 | G24: 23.754357 | H24: -99.171288 | I24: None | J24: No | K24: Low | L24: No | M24: Open | N24: None | O24: =_xlfn.XLOOKUP(A24, restaurant_cuisines!A:A,restaurant_cuisines!B:B,"Not Found") -> Mexican
A25: 132733 | B25: Little Caesars | C25: Ciudad Victoria | D25: Tamaulipas | E25: Mexico | G25: 23.752707 | H25: -99.162565 | I25: None | J25: No | K25: Medium | L25: Yes | M25: Closed | N25: Yes | O25: =_xlfn.XLOOKUP(A25, restaurant_cuisines!A:A,restaurant_cuisines!B:B,"Not Found") -> Pizzeria
A26: 132740 | B26: Carreton De Flautas Y Migadas | C26: Ciudad Victoria | D26: Tamaulipas | E26: Mexico | G26: 23.752197 | H26: -99.166632 | I26: None | J26: Yes | K26: Low | L26: No | M26: Open | N26: None | O26: =_xlfn.XLOOKUP(A26, restaurant_cuisines!A:A,restaurant_cuisines!B:B,"Not Found") -> Mexican
A27: 132754 | B27: Cabana Huasteca | C27: San Luis Potosi | D27: San Luis Potosi | E27: Mexico | G27: 22.147738 | H27: -100.99062 | I27: None | J27: No | K27: Medium | L27: No | M27: Closed | N27: None | O27: =_xlfn.XLOOKUP(A27, restaurant_cuisines!A:A,restaurant_cuisines!B:B,"Not Found") -> Mexican
A28: 132755 | B28: La Estrella De Dimas | C28: San Luis Potosi | D28: San Luis Potosi | E28: Mexico | G28: 22.153324 | H28: -101.01955 | I28: None | J28: No | K28: Medium | L28: No | M28: Closed | N28: Public | O28: =_xlfn.XLOOKUP(A28, restaurant_cuisines!A:A,restaurant_cuisines!B:B,"Not Found") -> Mexican
A29: 132766 | B29: Mikasa | C29: Cuernavaca | D29: Morelos | E29: Mexico | G29: 18.910178 | H29: -99.231544 | I29: Wine & Beer | J29: No | K29: Medium | L29: No | M29: Closed | N29: Yes | O29: =_xlfn.XLOOKUP(A29, restaurant_cuisines!A:A,restaurant_cuisines!B:B,"Not Found") -> Japanese
A30: 132767 | B30: Restaurant Familiar El Chino | C30: Jiutepec | D30: Morelos | E30: Mexico | G30: 18.882087 | H30: -99.163027 | I30: Wine & Beer | J30: Yes | K30: Medium | L30: No | M30: Open | N30: Yes | O30: =_xlfn.XLOOKUP(A30, restaurant_cuisines!A:A,restaurant_cuisines!B:B,"Not Found") -> Vietnamese
A31: 132768 | B31: Mariscos Tia Licha | C31: Cuernavaca | D31: Morelos | E31: Mexico | F31: 62320 | G31: 18.925773 | H31: -99.232636 | I31: None | J31: No | K31: Medium | L31: Yes | M31: Closed | N31: None | O31: =_xlfn.XLOOKUP(A31, restaurant_cuisines!A:A,restaurant_cuisines!B:B,"Not Found") -> Family
A32: 132773 | B32: El Cotorreo | C32: Cuernavaca | D32: Morelos | E32: Mexico | G32: 18.869993 | H32: -99.210319 | I32: Wine & Beer | J32: Yes | K32: Low | L32: No | M32: Open | N32: None | O32: =_xlfn.XLOOKUP(A32, restaurant_cuisines!A:A,restaurant_cuisines!B:B,"Not Found") -> Family
A33: 132825 | B33: Puesto De Tacos | C33: San Luis Potosi | D33: San Luis Potosi | E33: Mexico | F33: 78280 | G33: 22.147392 | H33: -100.98309 | I33: None | J33: No | K33: Low | L33: No | M33: Open | N33: None | O33: =_xlfn.XLOOKUP(A33, restaurant_cuisines!A:A,restaurant_cuisines!B:B,"Not Found") -> Mexican
A34: 132830 | B34: Rincon Huasteco | C34: San Luis Potosi | D34: San Luis Potosi | E34: Mexico | G34: 22.150849 | H34: -100.93975 | I34: None | J34: No | K34: Low | L34: No | M34: Closed | N34: None | O34: =_xlfn.XLOOKUP(A34, restaurant_cuisines!A:A,restaurant_cuisines!B:B,"Not Found") -> Not Found
A35: 132834 | B35: Gorditas Doa Gloria | C35: San Luis Potosi | D35: San Luis Potosi | E35: Mexico | F35: 78349 | G35: 22.156469 | H35: -100.98554 | I35: None | J35: No | K35: Low | L35: No | M35: Closed | N35: Public | O35: =_xlfn.XLOOKUP(A35, restaurant_cuisines!A:A,restaurant_cuisines!B:B,"Not Found") -> Mexican
A36: 132845 | B36: Cenaduria El Rincón De Tlaquepaque | C36: San Luis Potosi | D36: San Luis Potosi | E36: Mexico | G36: 22.126293 | H36: -100.90078 | I36: None | J36: No | K36: Medium | L36: No | M36: Closed | N36: None | O36: =_xlfn.XLOOKUP(A36, restaurant_cuisines!A:A,restaurant_cuisines!B:B,"Not Found") -> Mexican
A37: 132846 | B37: El Lechon Potosino | C37: San Luis Potosi | D37: San Luis Potosi | E37: Mexico | G37: 22.142273 | H37: -100.94265 | I37: None | J37: Yes | K37: Low | L37: No | M37: Open | N37: None | O37: =_xlfn.XLOOKUP(A37, restaurant_cuisines!A:A,restaurant_cuisines!B:B,"Not Found") -> International
A38: 132847 | B38: Don Burguers | C38: San Luis Potosi | D38: San Luis Potosi | E38: Mexico | G38: 22.144337 | H38: -100.93738 | I38: None | J38: No | K38: Low | L38: No | M38: Open | N38: None | O38: =_xlfn.XLOOKUP(A38, restaurant_cuisines!A:A,restaurant_cuisines!B:B,"Not Found") -> Not Found
A39: 132851 | B39: KFC | C39: San Luis Potosi | D39: San Luis Potosi | E39: Mexico | G39: 22.136872 | H39: -100.93457 | I39: None | J39: No | K39: Low | L39: No | M39: Closed | N39: Yes | O39: =_xlfn.XLOOKUP(A39, restaurant_cuisines!A:A,restaurant_cuisines!B:B,"Not Found") -> American
A40: 132854 | B40: Sirlone | C40: San Luis Potosi | D40: San Luis Potosi | E40: Mexico | G40: 22.137863 | H40: -100.93833 | I40: Wine & Beer | J40: No | K40: Medium | L40: No | M40: Closed | N40: Yes | O40: =_xlfn.XLOOKUP(A40, restaurant_cuisines!A:A,restaurant_cuisines!B:B,"Not Found") -> International
A41: 132856 | B41: Unicol's Pizza | C41: San Luis Potosi | D41: San Luis Potosi | E41: Mexico | G41: 22.151378 | H41: -100.97463 | I41: Wine & Beer | J41: No | K41: Low | L41: No | M41: Closed | N41: None | O41: =_xlfn.XLOOKUP(A41, restaurant_cuisines!A:A,restaurant_cuisines!B:B,"Not Found") -> Italian
A42: 132858 | B42: Hamburguesas Valle Dorado | C42: San Luis Potosi | D42: San Luis Potosi | E42: Mexico | G42: 22.131292 | H42: -100.93719 | I42: None | J42: No | K42: Low | L42: No | M42: Closed | N42: None | O42: =_xlfn.XLOOKUP(A42, restaurant_cuisines!A:A,restaurant_cuisines!B:B,"Not Found") -> Burgers
A43: 132861 | B43: Carl's Jr | C43: San Luis Potosi | D43: San Luis Potosi | E43: Mexico | G43: 22.148097 | H43: -101.0173 | I43: None | J43: No | K43: Medium | L43: Yes | M43: Closed | N43: Yes | O43: =_xlfn.XLOOKUP(A43, restaurant_cuisines!A:A,restaurant_cuisines!B:B,"Not Found") -> Burgers
A44: 132862 | B44: La Posada Del Virrey | C44: San Luis Potosi | D44: San Luis Potosi | E44: Mexico | G44: 22.150643 | H44: -100.98701 | I44: Wine & Beer | J44: No | K44: High | L44: No | M44: Closed | N44: Valet | O44: =_xlfn.XLOOKUP(A44, restaurant_cuisines!A:A,restaurant_cuisines!B:B,"Not Found") -> International
A45: 132866 | B45: Chaires | C45: San Luis Potosi | D45: San Luis Potosi | E45: Mexico | G45: 22.14122 | H45: -100.93131 | I45: None | J45: No | K45: Medium | L45: No | M45: Closed | N45: Yes | O45: =_xlfn.XLOOKUP(A45, restaurant_cuisines!A:A,restaurant_cuisines!B:B,"Not Found") -> Bakery
A46: 132869 | B46: Dominos Pizza | C46: San Luis Potosi | D46: San Luis Potosi | E46: Mexico | G46: 22.141238 | H46: -100.92393 | I46: None | J46: No | K46: Medium | L46: No | M46: Closed | N46: Yes | O46: =_xlfn.XLOOKUP(A46, restaurant_cuisines!A:A,restaurant_cuisines!B:B,"Not Found") -> Pizzeria
A47: 132870 | B47: Tortas Y Hamburguesas El Gordo | C47: San Luis Potosi | D47: San Luis Potosi | E47: Mexico | G47: 22.143078 | H47: -100.93548 | I47: None | J47: No | K47: Low | L47: No | M47: Closed | N47: None | O47: =_xlfn.XLOOKUP(A47, restaurant_cuisines!A:A,restaurant_cuisines!B:B,"Not Found") -> Burgers
... A51: 132884 | B51: Dairy Queen | C51: San Luis Potosi | D51: San Luis Potosi | E51: Mexico | G51: 22.139578 | H51: -101.02789 | I51: None | J51: No | K51: Low | L51: No | M51: Closed | N51: None | O51: =_xlfn.XLOOKUP(A51, restaurant_cuisines!A:A,restaurant_cuisines!B:B,"Not Found") -> Not Found
A52: 132885 | B52: Hamburguesas Saul | C52: San Luis Potosi | D52: San Luis Potosi | E52: Mexico | F52: 78433 | G52: 22.179517 | H52: -100.95844 | I52: None | J52: No | K52: Low | L52: No | M52: Closed | N52: Public | O52: =_xlfn.XLOOKUP(A52, restaurant_cuisines!A:A,restaurant_cuisines!B:B,"Not Found") -> Cafeteria
A53: 132921 | B53: Crudalia | C53: San Luis Potosi | D53: San Luis Potosi | E53: Mexico | G53: 22.150305 | H53: -100.98913 | I53: Wine & Beer | J53: Smoking Section | K53: Low | L53: No | M53: Open | N53: None | O53: =_xlfn.XLOOKUP(A53, restaurant_cuisines!A:A,restaurant_cuisines!B:B,"Not Found") -> Bar
A54: 132922 | B54: Cafe Punta Del Cielo | C54: San Luis Potosi | D54: San Luis Potosi | E54: Mexico | G54: 22.151135 | H54: -100.98231 | I54: None | J54: Yes | K54: Medium | L54: No | M54: Closed | N54: None | O54: =_xlfn.XLOOKUP(A54, restaurant_cuisines!A:A,restaurant_cuisines!B:B,"Not Found") -> Cafeteria
A55: 132925 | B55: El Pueblito | C55: San Luis Potosi | D55: San Luis Potosi | E55: Mexico | G55: 22.1535 | H55: -100.97624 | I55: Wine & Beer | J55: No | K55: Medium | L55: No | M55: Closed | N55: None | O55: =_xlfn.XLOOKUP(A55, restaurant_cuisines!A:A,restaurant_cuisines!B:B,"Not Found") -> Mexican
A56: 132937 | B56: Rockabilly | C56: San Luis Potosi | D56: San Luis Potosi | E56: Mexico | G56: 22.150019 | H56: -100.97992 | I56: Full Bar | J56: Smoking Section | K56: Low | L56: No | M56: Closed | N56: None | O56: =_xlfn.XLOOKUP(A56, restaurant_cuisines!A:A,restaurant_cuisines!B:B,"Not Found") -> Bar
A57: 132951 | B57: Vips | C57: San Luis Potosi | D57: San Luis Potosi | E57: Mexico | G57: 22.154474 | H57: -100.98581 | I57: None | J57: No | K57: Low | L57: No | M57: Closed | N57: Yes | O57: =_xlfn.XLOOKUP(A57, restaurant_cuisines!A:A,restaurant_cuisines!B:B,"Not Found") -> American
A58: 132954 | B58: La Parroquia | C58: San Luis Potosi | D58: San Luis Potosi | E58: Mexico | G58: 22.160381 | H58: -100.98804 | I58: None | J58: No | K58: Medium | L58: Yes | M58: Closed | N58: Yes | O58: =_xlfn.XLOOKUP(A58, restaurant_cuisines!A:A,restaurant_cuisines!B:B,"Not Found") -> Breakfast
A59: 132955 | B59: Emilianos | C59: San Luis Potosi | D59: San Luis Potosi | E59: Mexico | G59: 22.147622 | H59: -101.01027 | I59: Wine & Beer | J59: No | K59: Low | L59: Yes | M59: Closed | N59: None | O59: =_xlfn.XLOOKUP(A59, restaurant_cuisines!A:A,restaurant_cuisines!B:B,"Not Found") -> Brewery
A60: 132958 | B60: Tacos Los Volcanes | C60: San Luis Potosi | D60: San Luis Potosi | E60: Mexico | G60: 22.144979 | H60: -101.00568 | I60: None | J60: No | K60: Low | L60: Yes | M60: Closed | N60: None | O60: =_xlfn.XLOOKUP(A60, restaurant_cuisines!A:A,restaurant_cuisines!B:B,"Not Found") -> American
A61: 134975 | B61: Rincon Del Bife | C61: Cuernavaca | D61: Morelos | E61: Mexico | G61: 18.940828 | H61: -99.215426 | I61: Full Bar | J61: Smoking Section | K61: High | L61: No | M61: Closed | N61: Valet | O61: =_xlfn.XLOOKUP(A61, restaurant_cuisines!A:A,restaurant_cuisines!B:B,"Not Found") -> Not Found
A62: 134976 | B62: Log Yin | C62: Cuernavaca | D62: Morelos | E62: Mexico | G62: 18.916654 | H62: -99.22711 | I62: None | J62: No | K62: Low | L62: No | M62: Closed | N62: Yes | O62: =_xlfn.XLOOKUP(A62, restaurant_cuisines!A:A,restaurant_cuisines!B:B,"Not Found") -> Mexican
A63: 134983 | B63: Restaurant And Bar And Clothesline Carlos N Charlies | C63: Cuernavaca | D63: Morelos | E63: Mexico | F63: 62250 | G63: 18.948657 | H63: -99.235361 | I63: Full Bar | J63: Smoking Section | K63: High | L63: No | M63: Closed | N63: Yes | O63: =_xlfn.XLOOKUP(A63, restaurant_cuisines!A:A,restaurant_cuisines!B:B,"Not Found") -> Bar
A64: 134986 | B64: Restaurant Las Mañanitas | C64: Cuernavaca | D64: Morelos | E64: Mexico | G64: 18.928798 | H64: -99.239513 | I64: Wine & Beer | J64: No | K64: High | L64: No | M64: Closed | N64: Yes | O64: =_xlfn.XLOOKUP(A64, restaurant_cuisines!A:A,restaurant_cuisines!B:B,"Not Found") -> International
A65: 134987 | B65: Chilis Cuernavaca | C65: Cuernavaca | D65: Morelos | E65: Mexico | F65: 62290 | G65: 18.932725 | H65: -99.225211 | I65: Wine & Beer | J65: No | K65: Medium | L65: No | M65: Closed | N65: None | O65: =_xlfn.XLOOKUP(A65, restaurant_cuisines!A:A,restaurant_cuisines!B:B,"Not Found") -> Not Found
A66: 134992 | B66: Restaurant Teely | C66: Cuernavaca | D66: Morelos | E66: Mexico | G66: 18.936683 | H66: -99.247366 | I66: Wine & Beer | J66: Smoking Section | K66: High | L66: No | M66: Closed | N66: Yes | O66: =_xlfn.XLOOKUP(A66, restaurant_cuisines!A:A,restaurant_cuisines!B:B,"Not Found") -> Not Found
A67: 134996 | B67: Sanborns Casa Piedra | C67: Cuernavaca | D67: Morelos | E67: Mexico | G67: 18.923429 | H67: -99.216413 | I67: Wine & Beer | J67: Bar Only | K67: Medium | L67: Yes | M67: Closed | N67: Yes | O67: =_xlfn.XLOOKUP(A67, restaurant_cuisines!A:A,restaurant_cuisines!B:B,"Not Found") -> Not Found
A68: 134999 | B68: Kiku Cuernavaca | C68: Cuernavaca | D68: Morelos | E68: Mexico | G68: 18.915421 | H68: -99.184871 | I68: None | J68: No | K68: Medium | L68: No | M68: Closed | N68: None | O68: =_xlfn.XLOOKUP(A68, restaurant_cuisines!A:A,restaurant_cuisines!B:B,"Not Found") -> Japanese
A69: 135000 | B69: Restaurant Los Pinos | C69: Cuernavaca | D69: Morelos | E69: Mexico | F69: 62790 | G69: 18.870565 | H69: -99.226938 | I69: None | J69: No | K69: Medium | L69: No | M69: Closed | N69: None | O69: =_xlfn.XLOOKUP(A69, restaurant_cuisines!A:A,restaurant_cuisines!B:B,"Not Found") -> Not Found
A70: 135001 | B70: Vips | C70: Cuernavaca | D70: Morelos | E70: Mexico | F70: 62170 | G70: 18.941859 | H70: -99.241927 | I70: Wine & Beer | J70: No | K70: Medium | L70: Yes | M70: Closed | N70: Yes | O70: =_xlfn.XLOOKUP(A70, restaurant_cuisines!A:A,restaurant_cuisines!B:B,"Not Found") -> Not Found
A71: 135011 | B71: Los Vikingos | C71: Cuernavaca | D71: Morelos | E71: Mexico | G71: 18.91061 | H71: -99.169539 | I71: None | J71: No | K71: Medium | L71: Yes | M71: Closed | N71: None | O71: =_xlfn.XLOOKUP(A71, restaurant_cuisines!A:A,restaurant_cuisines!B:B,"Not Found") -> Not Found
A72: 135013 | B72: Giovannis | C72: Cuernavaca | D72: Morelos | E72: Mexico | G72: 18.917441 | H72: -99.165945 | I72: None | J72: No | K72: Low | L72: No | M72: Closed | N72: None | O72: =_xlfn.XLOOKUP(A72, restaurant_cuisines!A:A,restaurant_cuisines!B:B,"Not Found") -> Not Found
A73: 135016 | B73: Arrachela Grill | C73: Cuernavaca | D73: Morelos | E73: Mexico | G73: 18.869347 | H73: -99.209944 | I73: None | J73: No | K73: Medium | L73: No | M73: Closed | N73: None | O73: =_xlfn.XLOOKUP(A73, restaurant_cuisines!A:A,restaurant_cuisines!B:B,"Not Found") -> Not Found
A74: 135018 | B74: El Oceano Dorado | C74: Cuernavaca | D74: Morelos | E74: Mexico | G74: 18.859803 | H74: -99.222164 | I74: Full Bar | J74: Yes | K74: Medium | L74: No | M74: Open | N74: Yes | O74: =_xlfn.XLOOKUP(A74, restaurant_cuisines!A:A,restaurant_cuisines!B:B,"Not Found") -> Mexican
A75: 135019 | B75: Restaurant Bar Coty Y Pablo | C75: Jiutepec | D75: Morelos | E75: Mexico | G75: 18.875011 | H75: -99.159422 | I75: None | J75: No | K75: Low | L75: No | M75: Closed | N75: None | O75: =_xlfn.XLOOKUP(A75, restaurant_cuisines!A:A,restaurant_cuisines!B:B,"Not Found") -> Bar
A76: 135021 | B76: Subway | C76: Cuernavaca | D76: Morelos | E76: Mexico | F76: 62290 | G76: 18.933537 | H76: -99.222497 | I76: None | J76: No | K76: Low | L76: Yes | M76: Closed | N76: Public | O76: =_xlfn.XLOOKUP(A76, restaurant_cuisines!A:A,restaurant_cuisines!B:B,"Not Found") -> Fast Food
A77: 135025 | B77: El Rincon De San Francisco | C77: San Luis Potosi | D77: San Luis Potosi | E77: Mexico | G77: 22.14955 | H77: -100.97797 | I77: None | J77: No | K77: Medium | L77: No | M77: Closed | N77: None | O77: =_xlfn.XLOOKUP(A77, restaurant_cuisines!A:A,restaurant_cuisines!B:B,"Not Found") -> Mexican
A78: 135026 | B78: La Cantina | C78: San Luis Potosi | D78: San Luis Potosi | E78: Mexico | F78: 78250 | G78: 22.148665 | H78: -101.00127 | I78: Full Bar | J78: No | K78: High | L78: No | M78: Closed | N78: None | O78: =_xlfn.XLOOKUP(A78, restaurant_cuisines!A:A,restaurant_cuisines!B:B,"Not Found") -> Bar
A79: 135027 | B79: Restaurant Orizatlan | C79: San Luis Potosi | D79: San Luis Potosi | E79: Mexico | G79: 22.147145 | H79: -100.97449 | I79: Wine & Beer | J79: No | K79: Medium | L79: No | M79: Closed | N79: None | O79: =_xlfn.XLOOKUP(A79, restaurant_cuisines!A:A,restaurant_cuisines!B:B,"Not Found") -> Mexican
A80: 135028 | B80: La Virreina | C80: San Luis Potosi | D80: San Luis Potosi | E80: Mexico | G80: 22.146658 | H80: -100.98722 | I80: Wine & Beer | J80: No | K80: Medium | L80: No | M80: Closed | N80: None | O80: =_xlfn.XLOOKUP(A80, restaurant_cuisines!A:A,restaurant_cuisines!B:B,"Not Found") -> Mexican
A81: 135030 | B81: Preambulo Wifi Zone Cafe | C81: San Luis Potosi | D81: San Luis Potosi | E81: Mexico | G81: 22.14788 | H81: -100.98947 | I81: None | J81: No | K81: Medium | L81: No | M81: Closed | N81: None | O81: =_xlfn.XLOOKUP(A81, restaurant_cuisines!A:A,restaurant_cuisines!B:B,"Not Found") -> Coffee Shop
A82: 135032 | B82: Cafeteria Y Restaurant El Pacifico | C82: San Luis Potosi | D82: San Luis Potosi | E82: Mexico | F82: 78000 | G82: 22.152481 | H82: -100.97349 | I82: Wine & Beer | J82: Smoking Section | K82: Medium | L82: No | M82: Closed | N82: Public | O82: =_xlfn.XLOOKUP(A82, restaurant_cuisines!A:A,restaurant_cuisines!B:B,"Not Found") -> Cafeteria
A83: 135033 | B83: Restaurant El Muladar De Calzada | C83: San Luis Potosi | D83: San Luis Potosi | E83: Mexico | F83: 78399 | G83: 22.14161 | H83: -100.97314 | I83: None | J83: Smoking Section | K83: Medium | L83: No | M83: Closed | N83: None | O83: =_xlfn.XLOOKUP(A83, restaurant_cuisines!A:A,restaurant_cuisines!B:B,"Not Found") -> Not Found
A84: 135034 | B84: Michiko Restaurant Japones | C84: San Luis Potosi | D84: San Luis Potosi | E84: Mexico | F84: 78210 | G84: 22.140517 | H84: -101.02142 | I84: None | J84: No | K84: Medium | L84: No | M84: Closed | N84: None | O84: =_xlfn.XLOOKUP(A84, restaurant_cuisines!A:A,restaurant_cuisines!B:B,"Not Found") -> Japanese
A85: 135035 | B85: El Mundo De La Pasta | C85: San Luis Potosi | D85: San Luis Potosi | E85: Mexico | F85: 78210 | G85: 22.145813 | H85: -101.01803 | I85: None | J85: Smoking Section | K85: High | L85: No | M85: Closed | N85: Yes | O85: =_xlfn.XLOOKUP(A85, restaurant_cuisines!A:A,restaurant_cuisines!B:B,"Not Found") -> Italian
A86: 135038 | B86: Restaurant La Chalita | C86: San Luis Potosi | D86: San Luis Potosi | E86: Mexico | F86: 78000 | G86: 22.155651 | H86: -100.97777 | I86: None | J86: Smoking Section | K86: Medium | L86: No | M86: Closed | N86: None | O86: =_xlfn.XLOOKUP(A86, restaurant_cuisines!A:A,restaurant_cuisines!B:B,"Not Found") -> Not Found
A87: 135039 | B87: Restaurant De Mariscos De Picon | C87: San Luis Potosi | D87: San Luis Potosi | E87: Mexico | F87: 79300 | G87: 22.145893 | H87: -100.97487 | I87: None | J87: Smoking Section | K87: Low | L87: No | M87: Closed | N87: Yes | O87: =_xlfn.XLOOKUP(A87, restaurant_cuisines!A:A,restaurant_cuisines!B:B,"Not Found") -> Seafood
A88: 135040 | B88: Restaurant Los Compadres | C88: San Luis Potosi | D88: San Luis Potosi | E88: Mexico | F88: 74000 | G88: 22.135617 | H88: -100.96971 | I88: Wine & Beer | J88: No | K88: High | L88: No | M88: Closed | N88: Yes | O88: =_xlfn.XLOOKUP(A88, restaurant_cuisines!A:A,restaurant_cuisines!B:B,"Not Found") -> Not Found
A89: 135041 | B89: Luna Cafe | C89: San Luis Potosi | D89: San Luis Potosi | E89: Mexico | G89: 22.15106 | H89: -100.97766 | I89: Wine & Beer | J89: No | K89: Medium | L89: No | M89: Closed | N89: None | O89: =_xlfn.XLOOKUP(A89, restaurant_cuisines!A:A,restaurant_cuisines!B:B,"Not Found") -> Bar
A90: 135042 | B90: Restaurant Oriental Express | C90: San Luis Potosi | D90: San Luis Potosi | E90: Mexico | F90: 78269 | G90: 22.159357 | H90: -100.97341 | I90: None | J90: No | K90: Medium | L90: No | M90: Closed | N90: None | O90: =_xlfn.XLOOKUP(A90, restaurant_cuisines!A:A,restaurant_cuisines!B:B,"Not Found") -> Chinese
A91: 135043 | B91: Pizza Clasica | C91: San Luis Potosi | D91: San Luis Potosi | E91: Mexico | G91: 22.185756 | H91: -100.94452 | I91: None | J91: No | K91: Medium | L91: No | M91: Closed | N91: None | O91: =_xlfn.XLOOKUP(A91, restaurant_cuisines!A:A,restaurant_cuisines!B:B,"Not Found") -> Fast Food
A92: 135044 | B92: Restaurant Wu Zhuo Yi | C92: San Luis Potosi | D92: San Luis Potosi | E92: Mexico | F92: 78240 | G92: 22.141848 | H92: -100.99747 | I92: None | J92: No | K92: Medium | L92: No | M92: Closed | N92: None | O92: =_xlfn.XLOOKUP(A92, restaurant_cuisines!A:A,restaurant_cuisines!B:B,"Not Found") -> Chinese
A93: 135045 | B93: Restaurante La Gran Via | C93: San Luis Potosi | D93: San Luis Potosi | E93: Mexico | F93: 78000 | G93: 22.151189 | H93: -100.98179 | I93: Wine & Beer | J93: No | K93: High | L93: No | M93: Closed | N93: Yes | O93: =_xlfn.XLOOKUP(A93, restaurant_cuisines!A:A,restaurant_cuisines!B:B,"Not Found") -> Not Found
A94: 135046 | B94: Restaurante El Reyecito | C94: San Luis Potosi | D94: San Luis Potosi | E94: Mexico | F94: 78200 | G94: 22.141282 | H94: -101.00296 | I94: None | J94: No | K94: Medium | L94: No | M94: Closed | N94: Yes | O94: =_xlfn.XLOOKUP(A94, restaurant_cuisines!A:A,restaurant_cuisines!B:B,"Not Found") -> Fast Food
A95: 135047 | B95: Restaurante Casa De Las Flores | C95: San Luis Potosi | D95: San Luis Potosi | E95: Mexico | F95: 78310 | G95: 22.150921 | H95: -100.99383 | I95: Wine & Beer | J95: Smoking Section | K95: High | L95: No | M95: Closed | N95: Yes | O95: =_xlfn.XLOOKUP(A95, restaurant_cuisines!A:A,restaurant_cuisines!B:B,"Not Found") -> Not Found
A96: 135048 | B96: Restaurante Bar Fu-Hao | C96: San Luis Potosi | D96: San Luis Potosi | E96: Mexico | F96: 78269 | G96: 22.142017 | H96: -100.99925 | I96: Wine & Beer | J96: No | K96: High | L96: No | M96: Closed | N96: Yes | O96: =_xlfn.XLOOKUP(A96, restaurant_cuisines!A:A,restaurant_cuisines!B:B,"Not Found") -> Bar
A97: 135049 | B97: Restaurante De Mariscos La Langosta | C97: San Luis Potosi | D97: San Luis Potosi | E97: Mexico | F97: 78214 | G97: 22.135011 | H97: -101.0286 | I97: None | J97: No | K97: Medium | L97: No | M97: Closed | N97: None | O97: =_xlfn.XLOOKUP(A97, restaurant_cuisines!A:A,restaurant_cuisines!B:B,"Not Found") -> Seafood
A98: 135050 | B98: Restaurante La Estrella De Dima | C98: San Luis Potosi | D98: San Luis Potosi | E98: Mexico | F98: 78430 | G98: 22.174887 | H98: -100.97083 | I98: Wine & Beer | J98: No | K98: High | L98: No | M98: Closed | N98: Yes | O98: =_xlfn.XLOOKUP(A98, restaurant_cuisines!A:A,restaurant_cuisines!B:B,"Not Found") -> Not Found
A99: 135051 | B99: Restaurante Versalles | C99: San Luis Potosi | D99: San Luis Potosi | E99: Mexico | F99: 78000 | G99: 22.151189 | H99: -100.97706 | I99: None | J99: Smoking Section | K99: Low | L99: No | M99: Closed | N99: None | O99: =_xlfn.XLOOKUP(A99, restaurant_cuisines!A:A,restaurant_cuisines!B:B,"Not Found") -> Not Found
A100: 135052 | B100: La Cantina Restaurante | C100: San Luis Potosi | D100: San Luis Potosi | E100: Mexico | F100: 78000 | G100: 22.150981 | H100: -100.97741 | I100: Full Bar | J100: No | K100: High | L100: No | M100: Closed | N100: None | O100: =_xlfn.XLOOKUP(A100, restaurant_cuisines!A:A,restaurant_cuisines!B:B,"Not Found") -> Bar
A101: 135053 | B101: La Fontana Pizza Restaurante And Cafe | C101: San Luis Potosi | D101: San Luis Potosi | E101: Mexico | F101: 62460 | G101: 22.178931 | H101: -101.01286 | I101: None | J101: Smoking Section | K101: High | L101: No | M101: Closed | N101: Yes | O101: =_xlfn.XLOOKUP(A101, restaurant_cuisines!A:A,restaurant_cuisines!B:B,"Not Found") -> Cafeteria
A102: 135054 | B102: Restaurante Y Pescaderia Tampico | C102: San Luis Potosi | D102: San Luis Potosi | E102: Mexico | F102: 78000 | G102: 22.140626 | H102: -100.91566 | I102: None | J102: No | K102: High | L102: No | M102: Closed | N102: Yes | O102: =_xlfn.XLOOKUP(A102, restaurant_cuisines!A:A,restaurant_cuisines!B:B,"Not Found") -> Seafood
A103: 135055 | B103: La Cochinita Pibil Restaurante Yucateco | C103: San Luis Potosi | D103: San Luis Potosi | E103: Mexico | F103: 78270 | G103: 22.148854 | H103: -101.00847 | I103: None | J103: Smoking Section | K103: High | L103: No | M103: Closed | N103: Yes | O103: =_xlfn.XLOOKUP(A103, restaurant_cuisines!A:A,restaurant_cuisines!B:B,"Not Found") -> Mexican
... A126: 135086 | B126: McDonalds Parque Tangamanga | C126: San Luis Potosi | D126: San Luis Potosi | E126: Mexico | F126: 78290 | G126: 22.141421 | H126: -101.01395 | I126: None | J126: No | K126: Medium | L126: Yes | M126: Closed | N126: Yes | O126: =_xlfn.XLOOKUP(A126, restaurant_cuisines!A:A,restaurant_cuisines!B:B,"Not Found") -> Burgers
A127: 135088 | B127: Cafeteria Cenidet | C127: Cuernavaca | D127: Morelos | E127: Mexico | G127: 18.876011 | H127: -99.21989 | I127: None | J127: No | K127: Low | L127: No | M127: Closed | N127: Public | O127: =_xlfn.XLOOKUP(A127, restaurant_cuisines!A:A,restaurant_cuisines!B:B,"Not Found") -> Cafeteria
A128: 135104 | B128: Vips | C128: Ciudad Victoria | D128: Tamaulipas | E128: Mexico | G128: 23.752982 | H128: -99.168434 | I128: Full Bar | J128: No | K128: Medium | L128: Yes | M128: Closed | N128: Yes | O128: =_xlfn.XLOOKUP(A128, restaurant_cuisines!A:A,restaurant_cuisines!B:B,"Not Found") -> Mexican
A129: 135106 | B129: El Rincón De San Francisco | C129: San Luis Potosi | D129: San Luis Potosi | E129: Mexico | F129: 78000 | G129: 22.149709 | H129: -100.97609 | I129: Wine & Beer | J129: Bar Only | K129: Medium | L129: No | M129: Open | N129: None | O129: =_xlfn.XLOOKUP(A129, restaurant_cuisines!A:A,restaurant_cuisines!B:B,"Not Found") -> Mexican
...

Sheet RestaurantCuisineTable
A1: Restaurant_ID | B1: Cuisine
A2: 132560 | B2: Regional
A3: 132572 | B3: Cafeteria
A4: 132583 | B4: American
A5: 132584 | B5: Mexican
A6: 132594 | B6: Mexican
A7: 132608 | B7: Mexican
A8: 132609 | B8: Fast Food
A9: 132613 | B9: Mexican
A10: 132626 | B10: Italian
A11: 132630 | B11: Mexican
A12: 132663 | B12: Mexican
A13: 132665 | B13: Mexican
... A113: 135109 | B113: Italian

Sheet restaurant_cuisines
A1: Restaurant_ID | B1: Cuisine
A2: 132560 | B2: Regional
A3: 132572 | B3: Cafeteria
A4: 132583 | B4: American
A5: 132584 | B5: Mexican
A6: 132594 | B6: Mexican
A7: 132608 | B7: Mexican
A8: 132609 | B8: Fast Food
A9: 132613 | B9: Mexican
A10: 132626 | B10: Italian
A11: 132630 | B11: Mexican
A12: 132663 | B12: Mexican
A13: 132665 | B13: Mexican
... A113: 135109 | B113: Italian

Sheet MasterSheet (2)
A1: Consumer_ID | B1: Restaurant_ID | C1: Consumer_Preferred_Cuisine | D1: Consumer_City | E1: Consumer_State | F1: Consumer_Country | G1: Consumer_Latitude | H1: Consumer_Longitude | I1: Consumer_Smoker | J1: Consumer_Drink_Level | K1: Consumer_Transportation_Method | L1: Consumer_Marital_Status | M1: Consumer_Children | N1: Consumer_Age | O1: Consumer_Age_Group | P1: Consumer_Occupation | Q1: Consumer_Budget | R1: Overall_Rating | S1: Food_Rating | T1: Service_Rating | U1: Restaurant_Name | V1: Restaurant_Cuisine | W1: Restaurant_City | X1: Restaurant_State | Y1: Restaurant_Country | Z1: Restaurant_Zip_Code | AA1: Restaurant_Latitude | AB1: Restaurant_Longitude | AC1: Restaurant_Alcohol_Service | AD1: Restaurant_Smoking_Allowed | AE1: Restaurant_Price | AF1: Restaurant_Franchise | AG1: Restaurant_Area | AH1: Restaurant_Parking
A2: U1067 | B2: 132560 | C2: Mexican | D2: Ciudad Victoria | E2: Tamaulipas | F2: Mexico | G2: 23.752269 | H2: -99.168605 | I2: No | J2: Abstemious | K2: Public | L2: Single | M2: Independent | N2: 25 | O2: Young Adult | P2: Student | Q2: Medium | R2: 1 | S2: 0 | T2: 0 | U2: Puesto De Gorditas | V2: Regional | W2: Ciudad Victoria | X2: Tamaulipas | Y2: Mexico | AA2: 23.752304 | AB2: -99.166913 | AC2: None | AD2: Yes | AE2: Low | AF2: No | AG2: Open | AH2: Public
A3: U1082 | B3: 132560 | C3: Mexican | D3: Ciudad Victoria | E3: Tamaulipas | F3: Mexico | G3: 23.753061 | H3: -99.166095 | I3: Yes | J3: Abstemious | K3: Public | L3: Single | M3: Unknown | N3: 23 | O3: Young Adult | P3: Student | Q3: Medium | R3: 0 | S3: 0 | T3: 0 | U3: Puesto De Gorditas | V3: Regional | W3: Ciudad Victoria | X3: Tamaulipas | Y3: Mexico | AA3: 23.752304 | AB3: -99.166913 | AC3: None | AD3: Yes | AE3: Low | AF3: No | AG3: Open | AH3: Public
A4: U1050 | B4: 132560 | C4: Mexican | D4: Ciudad Victoria | E4: Tamaulipas | F4: Mexico | G4: 23.758815 | H4: -99.171216 | I4: No | J4: Social Drinker | K4: Car | L4: Single | M4: Independent | N4: 23 | O4: Young Adult | P4: Student | Q4: Medium | R4: 0 | S4: 2 | T4: 0 | U4: Puesto De Gorditas | V4: Regional | W4: Ciudad Victoria | X4: Tamaulipas | Y4: Mexico | AA4: 23.752304 | AB4: -99.166913 | AC4: None | AD4: Yes | AE4: Low | AF4: No | AG4: Open | AH4: Public
A5: U1087 | B5: 132560 | C5: Chinese | D5: Ciudad Victoria | E5: Tamaulipas | F5: Mexico | G5: 23.753336 | H5: -99.167984 | I5: No | J5: Abstemious | K5: Public | L5: Single | M5: Independent | N5: 23 | O5: Young Adult | P5: Student | Q5: Medium | R5: 1 | S5: 2 | T5: 1 | U5: Puesto De Gorditas | V5: Regional | W5: Ciudad Victoria | X5: Tamaulipas | Y5: Mexico | AA5: 23.752304 | AB5: -99.166913 | AC5: None | AD5: Yes | AE5: Low | AF5: No | AG5: Open | AH5: Public
A6: U1083 | B6: 132572 | C6: Mexican | D6: San Luis Potosi | E6: San Luis Potosi | F6: Mexico | G6: 22.13392 | H6: -101.02837 | I6: No | J6: Abstemious | K6: Unknown | L6: Unknown | M6: Unknown | N6: 31 | O6: Young Adult | P6: Unknown | Q6: Unknown | R6: 2 | S6: 2 | T6: 2 | U6: Cafe Chaires | V6: Cafeteria | W6: San Luis Potosi | X6: San Luis Potosi | Y6: Mexico | AA6: 22.141647 | AB6: -100.99271 | AC6: None | AD6: No | AE6: Low | AF6: No | AG6: Closed | AH6: Yes
A7: U1108 | B7: 132572 | C7: Coffee Shop | D7: San Luis Potosi | E7: San Luis Potosi | F7: Mexico | G7: 22.143524 | H7: -100.98756 | I7: No | J7: Abstemious | K7: Public | L7: Single | M7: Independent | N7: 29 | O7: Young Adult | P7: Student | Q7: Medium | R7: 1 | S7: 2 | T7: 1 | U7: Cafe Chaires | V7: Cafeteria | W7: San Luis Potosi | X7: San Luis Potosi | Y7: Mexico | AA7: 22.141647 | AB7: -100.99271 | AC7: None | AD7: No | AE7: Low | AF7: No | AG7: Closed | AH7: Yes
A8: U1108 | B8: 132572 | C8: Sushi | D8: San Luis Potosi | E8: San Luis Potosi | F8: Mexico | G8: 22.143524 | H8: -100.98756 | I8: No | J8: Abstemious | K8: Public | L8: Single | M8: Independent | N8: 29 | O8: Young Adult | P8: Student | Q8: Medium | R8: 1 | S8: 2 | T8: 1 | U8: Cafe Chaires | V8: Cafeteria | W8: San Luis Potosi | X8: San Luis Potosi | Y8: Mexico | AA8: 22.141647 | AB8: -100.99271 | AC8: None | AD8: No | AE8: Low | AF8: No | AG8: Closed | AH8: Yes
A9: U1108 | B9: 132572 | C9: Latin American | D9: San Luis Potosi | E9: San Luis Potosi | F9: Mexico | G9: 22.143524 | H9: -100.98756 | I9: No | J9: Abstemious | K9: Public | L9: Single | M9: Independent | N9: 29 | O9: Young Adult | P9: Student | Q9: Medium | R9: 1 | S9: 2 | T9: 1 | U9: Cafe Chaires | V9: Cafeteria | W9: San Luis Potosi | X9: San Luis Potosi | Y9: Mexico | AA9: 22.141647 | AB9: -100.99271 | AC9: None | AD9: No | AE9: Low | AF9: No | AG9: Closed | AH9: Yes
A10: U1108 | B10: 132572 | C10: Deli | D10: San Luis Potosi | E10: San Luis Potosi | F10: Mexico | G10: 22.143524 | H10: -100.98756 | I10: No | J10: Abstemious | K10: Public | L10: Single | M10: Independent | N10: 29 | O10: Young Adult | P10: Student | Q10: Medium | R10: 1 | S10: 2 | T10: 1 | U10: Cafe Chaires | V10: Cafeteria | W10: San Luis Potosi | X10: San Luis Potosi | Y10: Mexico | AA10: 22.141647 | AB10: -100.99271 | AC10: None | AD10: No | AE10: Low | AF10: No | AG10: Closed | AH10: Yes
A11: U1108 | B11: 132572 | C11: Mexican | D11: San Luis Potosi | E11: San Luis Potosi | F11: Mexico | G11: 22.143524 | H11: -100.98756 | I11: No | J11: Abstemious | K11: Public | L11: Single | M11: Independent | N11: 29 | O11: Young Adult | P11: Student | Q11: Medium | R11: 1 | S11: 2 | T11: 1 | U11: Cafe Chaires | V11: Cafeteria | W11: San Luis Potosi | X11: San Luis Potosi | Y11: Mexico | AA11: 22.141647 | AB11: -100.99271 | AC11: None | AD11: No | AE11: Low | AF11: No | AG11: Closed | AH11: Yes
A12: U1108 | B12: 132572 | C12: Hot Dogs | D12: San Luis Potosi | E12: San Luis Potosi | F12: Mexico | G12: 22.143524 | H12: -100.98756 | I12: No | J12: Abstemious | K12: Public | L12: Single | M12: Independent | N12: 29 | O12: Young Adult | P12: Student | Q12: Medium | R12: 1 | S12: 2 | T12: 1 | U12: Cafe Chaires | V12: Cafeteria | W12: San Luis Potosi | X12: San Luis Potosi | Y12: Mexico | AA12: 22.141647 | AB12: -100.99271 | AC12: None | AD12: No | AE12: Low | AF12: No | AG12: Closed | AH12: Yes
A13: U1108 | B13: 132572 | C13: American | D13: San Luis Potosi | E13: San Luis Potosi | F13: Mexico | G13: 22.143524 | H13: -100.98756 | I13: No | J13: Abstemious | K13: Public | L13: Single | M13: Independent | N13: 29 | O13: Young Adult | P13: Student | Q13: Medium | R13: 1 | S13: 2 | T13: 1 | U13: Cafe Chaires | V13: Cafeteria | W13: San Luis Potosi | X13: San Luis Potosi | Y13: Mexico | AA13: 22.141647 | AB13: -100.99271 | AC13: None | AD13: No | AE13: Low | AF13: No | AG13: Closed | AH13: Yes
... A38: U1073 | B38: 132572 | C38: American | D38: San Luis Potosi | E38: San Luis Potosi | F38: Mexico | G38: 22.15 | H38: -100.983 | I38: No | J38: Abstemious | K38: Car | L38: Single | M38: Kids | N38: 23 | O38: Young Adult | P38: Unemployed | Q38: Medium | R38: 0 | S38: 0 | T38: 0 | U38: Cafe Chaires | V38: Cafeteria | W38: San Luis Potosi | X38: San Luis Potosi | Y38: Mexico | AA38: 22.141647 | AB38: -100.99271 | AC38: None | AD38: No | AE38: Low | AF38: No | AG38: Closed | AH38: Yes
A39: U1044 | B39: 132583 | C39: Mexican | D39: Cuernavaca | E39: Morelos | F39: Mexico | G39: 18.95298 | H39: -99.260789 | I39: Yes | J39: Social Drinker | K39: Car | L39: Married | M39: Kids | N39: 43 | O39: Young Adult | P39: Employed | Q39: Medium | R39: 1 | S39: 2 | T39: 1 | U39: Mcdonalds Centro | V39: American | W39: Cuernavaca | X39: Morelos | Y39: Mexico | Z39: 62000 | AA39: 18.92229 | AB39: -99.234332 | AC39: None | AD39: No | AE39: Low | AF39: Yes | AG39: Closed | AH39: None
A40: U1035 | B40: 132583 | C40: Family | D40: Cuernavaca | E40: Morelos | F40: Mexico | G40: 18.839671 | H40: -99.223897 | I40: Yes | J40: Casual Drinker | K40: Car | L40: Single | M40: Independent | N40: 27 | O40: Young Adult | P40: Student | Q40: Medium | R40: 1 | S40: 0 | T40: 2 | U40: Mcdonalds Centro | V40: American | W40: Cuernavaca | X40: Morelos | Y40: Mexico | Z40: 62000 | AA40: 18.92229 | AB40: -99.234332 | AC40: None | AD40: No | AE40: Low | AF40: Yes | AG40: Closed | AH40: None
A41: U1118 | B41: 132583 | C41: Pizzeria | D41: Cuernavaca | E41: Morelos | F41: Mexico | G41: 18.940062 | H41: -99.228172 | I41: Yes | J41: Casual Drinker | K41: Public | L41: Single | M41: Independent | N41: 25 | O41: Young Adult | P41: Student | Q41: Medium | R41: 0 | S41: 0 | T41: 0 | U41: Mcdonalds Centro | V41: American | W41: Cuernavaca | X41: Morelos | Y41: Mexico | Z41: 62000 | AA41: 18.92229 | AB41: -99.234332 | AC41: None | AD41: No | AE41: Low | AF41: Yes | AG41: Closed | AH41: None
A42: U1119 | B42: 132583 | C42: Mexican | D42: Cuernavaca | E42: Morelos | F42: Mexico | G42: 18.96479 | H42: -99.260017 | I42: No | J42: Abstemious | K42: Public | L42: Single | M42: Independent | N42: 20 | O42: Young Adult | P42: Student | Q42: Medium | R42: 2 | S42: 2 | T42: 2 | U42: Mcdonalds Centro | V42: American | W42: Cuernavaca | X42: Morelos | Y42: Mexico | Z42: 62000 | AA42: 18.92229 | AB42: -99.234332 | AC42: None | AD42: No | AE42: Low | AF42: Yes | AG42: Closed | AH42: None
A43: U1067 | B43: 132584 | C43: Mexican | D43: Ciudad Victoria | E43: Tamaulipas | F43: Mexico | G43: 23.752269 | H43: -99.168605 | I43: No | J43: Abstemious | K43: Public | L43: Single | M43: Independent | N43: 25 | O43: Young Adult | P43: Student | Q43: Medium | R43: 2 | S43: 2 | T43: 2 | U43: Gorditas Doña Tota | V43: Mexican | W43: Ciudad Victoria | X43: Tamaulipas | Y43: Mexico | AA43: 23.752365 | AB43: -99.165288 | AC43: None | AD43: No | AE43: Medium | AF43: Yes | AG43: Closed | AH43: Yes
A44: U1103 | B44: 132584 | C44: Mexican | D44: Ciudad Victoria | E44: Tamaulipas | F44: Mexico | G44: 23.752265 | H44: -99.16859 | I44: No | J44: Abstemious | K44: Public | L44: Single | M44: Independent | N44: 23 | O44: Young Adult | P44: Employed | Q44: Medium | R44: 1 | S44: 2 | T44: 1 | U44: Gorditas Doña Tota | V44: Mexican | W44: Ciudad Victoria | X44: Tamaulipas | Y44: Mexico | AA44: 23.752365 | AB44: -99.165288 | AC44: None | AD44: No | AE44: Medium | AF44: Yes | AG44: Closed | AH44: Yes
A45: U1107 | B45: 132584 | C45: Mexican | D45: Ciudad Victoria | E45: Tamaulipas | F45: Mexico | G45: 23.742409 | H45: -99.171889 | I45: No | J45: Abstemious | K45: Car | L45: Single | M45: Independent | N45: 23 | O45: Young Adult | P45: Unknown | Q45: High | R45: 2 | S45: 2 | T45: 2 | U45: Gorditas Doña Tota | V45: Mexican | W45: Ciudad Victoria | X45: Tamaulipas | Y45: Mexico | AA45: 23.752365 | AB45: -99.165288 | AC45: None | AD45: No | AE45: Medium | AF45: Yes | AG45: Closed | AH45: Yes
A46: U1123 | B46: 132584 | C46: Mexican | D46: Ciudad Victoria | E46: Tamaulipas | F46: Mexico | G46: 23.753112 | H46: -99.168567 | I46: No | J46: Abstemious | K46: Unknown | L46: Single | M46: Independent | N46: 25 | O46: Young Adult | P46: Student | Q46: Medium | R46: 1 | S46: 2 | T46: 0 | U46: Gorditas Doña Tota | V46: Mexican | W46: Ciudad Victoria | X46: Tamaulipas | Y46: Mexico | AA46: 23.752365 | AB46: -99.165288 | AC46: None | AD46: No | AE46: Medium | AF46: Yes | AG46: Closed | AH46: Yes
A47: U1063 | B47: 132584 | C47: Mexican | D47: Ciudad Victoria | E47: Tamaulipas | F47: Mexico | G47: 23.745096 | H47: -99.164357 | I47: No | J47: Casual Drinker | K47: Public | L47: Single | M47: Independent | N47: 24 | O47: Young Adult | P47: Student | Q47: Medium | R47: 2 | S47: 1 | T47: 1 | U47: Gorditas Doña Tota | V47: Mexican | W47: Ciudad Victoria | X47: Tamaulipas | Y47: Mexico | AA47: 23.752365 | AB47: -99.165288 | AC47: None | AD47: No | AE47: Medium | AF47: Yes | AG47: Closed | AH47: Yes
A48: U1050 | B48: 132584 | C48: Mexican | D48: Ciudad Victoria | E48: Tamaulipas | F48: Mexico | G48: 23.758815 | H48: -99.171216 | I48: No | J48: Social Drinker | K48: Car | L48: Single | M48: Independent | N48: 23 | O48: Young Adult | P48: Student | Q48: Medium | R48: 0 | S48: 0 | T48: 0 | U48: Gorditas Doña Tota | V48: Mexican | W48: Ciudad Victoria | X48: Tamaulipas | Y48: Mexico | AA48: 23.752365 | AB48: -99.165288 | AC48: None | AD48: No | AE48: Medium | AF48: Yes | AG48: Closed | AH48: Yes
A49: U1082 | B49: 132594 | C49: Mexican | D49: Ciudad Victoria | E49: Tamaulipas | F49: Mexico | G49: 23.753061 | H49: -99.166095 | I49: Yes | J49: Abstemious | K49: Public | L49: Single | M49: Unknown | N49: 23 | O49: Young Adult | P49: Student | Q49: Medium | R49: 0 | S49: 0 | T49: 0 | U49: Tacos De Barbacoa Enfrente Del Tec | V49: Mexican | W49: Ciudad Victoria | X49: Tamaulipas | Y49: Mexico | AA49: 23.752168 | AB49: -99.165709 | AC49: None | AD49: No | AE49: Low | AF49: No | AG49: Open | AH49: Public
A50: U1123 | B50: 132594 | C50: Mexican | D50: Ciudad Victoria | E50: Tamaulipas | F50: Mexico | G50: 23.753112 | H50: -99.168567 | I50: No | J50: Abstemious | K50: Unknown | L50: Single | M50: Independent | N50: 25 | O50: Young Adult | P50: Student | Q50: Medium | R50: 1 | S50: 1 | T50: 1 | U50: Tacos De Barbacoa Enfrente Del Tec | V50: Mexican | W50: Ciudad Victoria | X50: Tamaulipas | Y50: Mexico | AA50: 23.752168 | AB50: -99.165709 | AC50: None | AD50: No | AE50: Low | AF50: No | AG50: Open | AH50: Public
A51: U1050 | B51: 132594 | C51: Mexican | D51: Ciudad Victoria | E51: Tamaulipas | F51: Mexico | G51: 23.758815 | H51: -99.171216 | I51: No | J51: Social Drinker | K51: Car | L51: Single | M51: Independent | N51: 23 | O51: Young Adult | P51: Student | Q51: Medium | R51: 0 | S51: 2 | T51: 0 | U51: Tacos De Barbacoa Enfrente Del Tec | V51: Mexican | W51: Ciudad Victoria | X51: Tamaulipas | Y51: Mexico | AA51: 23.752168 | AB51: -99.165709 | AC51: None | AD51: No | AE51: Low | AF51: No | AG51: Open | AH51: Public
A52: U1087 | B52: 132594 | C52: Chinese | D52: Ciudad Victoria | E52: Tamaulipas | F52: Mexico | G52: 23.753336 | H52: -99.167984 | I52: No | J52: Abstemious | K52: Public | L52: Single | M52: Independent | N52: 23 | O52: Young Adult | P52: Student | Q52: Medium | R52: 1 | S52: 2 | T52: 1 | U52: Tacos De Barbacoa Enfrente Del Tec | V52: Mexican | W52: Ciudad Victoria | X52: Tamaulipas | Y52: Mexico | AA52: 23.752168 | AB52: -99.165709 | AC52: None | AD52: No | AE52: Low | AF52: No | AG52: Open | AH52: Public
A53: U1068 | B53: 132594 | C53: Mexican | D53: Ciudad Victoria | E53: Tamaulipas | F53: Mexico | G53: 23.752269 | H53: -99.168605 | I53: No | J53: Casual Drinker | K53: Public | L53: Single | M53: Independent | N53: 24 | O53: Young Adult | P53: Student | Q53: Low | R53: 1 | S53: 1 | T53: 1 | U53: Tacos De Barbacoa Enfrente Del Tec | V53: Mexican | W53: Ciudad Victoria | X53: Tamaulipas | Y53: Mexico | AA53: 23.752168 | AB53: -99.165709 | AC53: None | AD53: No | AE53: Low | AF53: No | AG53: Open | AH53: Public
A54: U1070 | B54: 132608 | C54: Mexican | D54: Ciudad Victoria | E54: Tamaulipas | F54: Mexico | G54: 23.753237 | H54: -99.166868 | I54: No | J54: Casual Drinker | K54: Public | L54: Single | M54: Independent | N54: 21 | O54: Young Adult | P54: Student | Q54: Low | R54: 2 | S54: 2 | T54: 1 | U54: Hamburguesas La Perica | V54: Mexican | W54: Ciudad Victoria | X54: Tamaulipas | Y54: Mexico | AA54: 23.758805 | AB54: -99.16513 | AC54: None | AD54: Yes | AE54: Low | AF54: Yes | AG54: Open | AH54: Public
... A127: U1011 | B127: 132717 | C127: Mexican | D127: Ciudad Victoria | E127: Tamaulipas | F127: Mexico | G127: 23.724972 | H127: -99.152856 | I127: No | J127: Abstemious | K127: Public | L127: Single | M127: Independent | N127: 23 | O127: Young Adult | P127: Student | Q127: Medium | R127: 2 | S127: 2 | T127: 1 | U127: Tortas Hawaii | V127: Fast Food | W127: Ciudad Victoria | X127: Tamaulipas | Y127: Mexico | AA127: 23.73186 | AB127: -99.150436 | AC127: None | AD127: No | AE127: Medium | AF127: No | AG127: Closed | AH127: Public
A128: U1001 | B128: 132825 | C128: American | D128: San Luis Potosi | E128: San Luis Potosi | F128: Mexico | G128: 22.139997 | H128: -100.9788 | I128: No | J128: Abstemious | K128: On Foot | L128: Single | M128: Independent | N128: 23 | O128: Young Adult | P128: Student | Q128: Medium | R128: 2 | S128: 2 | T128: 1 | U128: Puesto De Tacos | V128: Mexican | W128: San Luis Potosi | X128: San Luis Potosi | Y128: Mexico | Z128: 78280 | AA128: 22.147392 | AB128: -100.98309 | AC128: None | AD128: No | AE128: Low | AF128: No | AG128: Open | AH128: None
A129: U1077 | B129: 132825 | C129: Mexican | D129: San Luis Potosi | E129: San Luis Potosi | F129: Mexico | G129: 22.156469 | H129: -100.98554 | I129: No | J129: Social Drinker | K129: Public | L129: Married | M129: Kids | N129: 25 | O129: Young Adult | P129: Student | Q129: Medium | R129: 2 | S129: 2 | T129: 2 | U129: Puesto De Tacos | V129: Mexican | W129: San Luis Potosi | X129: San Luis Potosi | Y129: Mexico | Z129: 78280 | AA129: 22.147392 | AB129: -100.98309 | AC129: None | AD129: No | AE129: Low | AF129: No | AG129: Open | AH129: None
A130: U1053 | B130: 132825 | C130: Mexican | D130: San Luis Potosi | E130: San Luis Potosi | F130: Mexico | G130: 22.175833 | H130: -100.98667 | I130: No | J130: Casual Drinker | K130: Public | L130: Single | M130: Independent | N130: 22 | O130: Young Adult | P130: Student | Q130: Low | R130: 1 | S130: 2 | T130: 0 | U130: Puesto De Tacos | V130: Mexican | W130: San Luis Potosi | X130: San Luis Potosi | Y130: Mexico | Z130: 78280 | AA130: 22.147392 | AB130: -100.98309 | AC130: None | AD130: No | AE130: Low | AF130: No | AG130: Open | AH130: None
A131: U1055 | B131: 132825 | C131: Breakfast | D131: San Luis Potosi | E131: San Luis Potosi | F131: Mexico | G131: 22.143289 | H131: -100.98768 | I131: No | J131: Abstemious | K131: Car | L131: Married | M131: Dependent | N131: 60 | O131: Old | P131: Employed | Q131: Medium | R131: 2 | S131: 2 | T131: 2 | U131: Puesto De Tacos | V131: Mexican | W131: San Luis Potosi | X131: San Luis Potosi | Y131: Mexico | Z131: 78280 | AA131: 22.147392 | AB131: -100.98309 | AC131: None | AD131: No | AE131: Low | AF131: No | AG131: Open | AH131: None
A132: U1056 | B132: 132825 | C132: Mexican | D132: San Luis Potosi | E132: San Luis Potosi | F132: Mexico | G132: 22.168997 | H132: -100.97438 | I132: No | J132: Social Drinker | K132: On Foot | L132: Single | M132: Independent | N132: 82 | O132: Old | P132: Student | Q132: Medium | R132: 2 | S132: 2 | T132: 2 | U132: Puesto De Tacos | V132: Mexican | W132: San Luis Potosi | X132: San Luis Potosi | Y132: Mexico | Z132: 78280 | AA132: 22.147392 | AB132: -100.98309 | AC132: None | AD132: No | AE132: Low | AF132: No | AG132: Open | AH132: None
A133: U1081 | B133: 132825 | C133: Mexican | D133: San Luis Potosi | E133: San Luis Potosi | F133: Mexico | G133: 22.207749 | H133: -100.94238 | I133: No | J133: Casual Drinker | K133: Public | L133: Single | M133: Independent | N133: 21 | O133: Young Adult | P133: Student | Q133: Low | R133: 1 | S133: 0 | T133: 1 | U133: Puesto De Tacos | V133: Mexican | W133: San Luis Potosi | X133: San Luis Potosi | Y133: Mexico | Z133: 78280 | AA133: 22.147392 | AB133: -100.98309 | AC133: None | AD133: No | AE133: Low | AF133: No | AG133: Open | AH133: None
A134: U1134 | B134: 132825 | C134: Mexican | D134: San Luis Potosi | E134: San Luis Potosi | F134: Mexico | G134: 22.149654 | H134: -100.99861 | I134: No | J134: Casual Drinker | K134: Public | L134: Single | M134: Independent | N134: 21 | O134: Young Adult | P134: Student | Q134: Medium | R134: 1 | S134: 2 | T134: 1 | U134: Puesto De Tacos | V134: Mexican | W134: San Luis Potosi | X134: San Luis Potosi | Y134: Mexico | Z134: 78280 | AA134: 22.147392 | AB134: -100.98309 | AC134: None | AD134: No | AE134: Low | AF134: No | AG134: Open | AH134: None
A135: U1116 | B135: 132825 | C135: Mexican | D135: San Luis Potosi | E135: San Luis Potosi | F135: Mexico | G135: 22.156469 | H135: -100.98554 | I135: No | J135: Social Drinker | K135: Public | L135: Married | M135: Kids | N135: 25 | O135: Young Adult | P135: Student | Q135: Medium | R135: 2 | S135: 2 | T135: 2 | U135: Puesto De Tacos | V135: Mexican | W135: San Luis Potosi | X135: San Luis Potosi | Y135: Mexico | Z135: 78280 | AA135: 22.147392 | AB135: -100.98309 | AC135: None | AD135: No | AE135: Low | AF135: No | AG135: Open | AH135: None
A136: U1024 | B136: 132825 | C136: Afghan | D136: San Luis Potosi | E136: San Luis Potosi | F136: Mexico | G136: 22.154021 | H136: -100.97603 | I136: Unknown | J136: Abstemious | K136: Unknown | L136: Unknown | M136: Unknown | N136: 82 | O136: Old | P136: Unknown | Q136: Unknown | R136: 1 | S136: 1 | T136: 0 | U136: Puesto De Tacos | V136: Mexican | W136: San Luis Potosi | X136: San Luis Potosi | Y136: Mexico | Z136: 78280 | AA136: 22.147392 | AB136: -100.98309 | AC136: None | AD136: No | AE136: Low | AF136: No | AG136: Open | AH136: None
A137: U1132 | B137: 132825 | C137: Mexican | D137: San Luis Potosi | E137: San Luis Potosi | F137: Mexico | G137: 22.15 | H137: -100.983 | I137: No | J137: Casual Drinker | K137: Public | L137: Single | M137: Unknown | N137: 21 | O137: Young Adult | P137: Student | Q137: Unknown | R137: 2 | S137: 2 | T137: 2 | U137: Puesto De Tacos | V137: Mexican | W137: San Luis Potosi | X137: San Luis Potosi | Y137: Mexico | Z137: 78280 | AA137: 22.147392 | AB137: -100.98309 | AC137: None | AD137: No | AE137: Low | AF137: No | AG137: Open | AH137: None
A138: U1036 | B138: 132825 | C138: Mexican | D138: San Luis Potosi | E138: San Luis Potosi | F138: Mexico | G138: 22.160572 | H138: -100.98942 | I138: No | J138: Social Drinker | K138: Public | L138: Single | M138: Independent | N138: 21 | O138: Young Adult | P138: Student | Q138: Medium | R138: 2 | S138: 2 | T138: 2 | U138: Puesto De Tacos | V138: Mexican | W138: San Luis Potosi | X138: San Luis Potosi | Y138: Mexico | Z138: 78280 | AA138: 22.147392 | AB138: -100.98309 | AC138: None | AD138: No | AE138: Low | AF138: No | AG138: Open | AH138: None
A139: U1071 | B139: 132825 | C139: Mexican | D139: San Luis Potosi | E139: San Luis Potosi | F139: Mexico | G139: 22.154339 | H139: -100.97534 | I139: No | J139: Abstemious | K139: Car | L139: Single | M139: Independent | N139: 82 | O139: Old | P139: Student | Q139: High | R139: 2 | S139: 2 | T139: 2 | U139: Puesto De Tacos | V139: Mexican | W139: San Luis Potosi | X139: San Luis Potosi | Y139: Mexico | Z139: 78280 | AA139: 22.147392 | AB139: -100.98309 | AC139: None | AD139: No | AE139: Low | AF139: No | AG139: Open | AH139: None
... A269: U1002 | B269: 132825 | C269: Mexican | D269: San Luis Potosi | E269: San Luis Potosi | F269: Mexico | G269: 22.150087 | H269: -100.98332 | I269: No | J269: Abstemious | K269: Public | L269: Single | M269: Independent | N269: 22 | O269: Young Adult | P269: Student | Q269: Low | R269: 2 | S269: 2 | T269: 0 | U269: Puesto De Tacos | V269: Mexican | W269: San Luis Potosi | X269: San Luis Potosi | Y269: Mexico | Z269: 78280 | AA269: 22.147392 | AB269: -100.98309 | AC269: None | AD269: No | AE269: Low | AF269: No | AG269: Open | AH269: None
A270: U1083 | B270: 132723 | C270: Mexican | D270: San Luis Potosi | E270: San Luis Potosi | F270: Mexico | G270: 22.13392 | H270: -101.02837 | I270: No | J270: Abstemious | K270: Unknown | L270: Unknown | M270: Unknown | N270: 31 | O270: Young Adult | P270: Unknown | Q270: Unknown | R270: 1 | S270: 1 | T270: 1 | U270: Gordas De Morales | V270: Mexican | W270: San Luis Potosi | X270: San Luis Potosi | Y270: Mexico | AA270: 22.148934 | AB270: -101.01985 | AC270: Full Bar | AD270: Smoking Section | AE270: Medium | AF270: No | AG270: Closed | AH270: Public
A271: U1108 | B271: 132723 | C271: Coffee Shop | D271: San Luis Potosi | E271: San Luis Potosi | F271: Mexico | G271: 22.143524 | H271: -100.98756 | I271: No | J271: Abstemious | K271: Public | L271: Single | M271: Independent | N271: 29 | O271: Young Adult | P271: Student | Q271: Medium | R271: 2 | S271: 2 | T271: 2 | U271: Gordas De Morales | V271: Mexican | W271: San Luis Potosi | X271: San Luis Potosi | Y271: Mexico | AA271: 22.148934 | AB271: -101.01985 | AC271: Full Bar | AD271: Smoking Section | AE271: Medium | AF271: No | AG271: Closed | AH271: Public
A272: U1108 | B272: 132723 | C272: Sushi | D272: San Luis Potosi | E272: San Luis Potosi | F272: Mexico | G272: 22.143524 | H272: -100.98756 | I272: No | J272: Abstemious | K272: Public | L272: Single | M272: Independent | N272: 29 | O272: Young Adult | P272: Student | Q272: Medium | R272: 2 | S272: 2 | T272: 2 | U272: Gordas De Morales | V272: Mexican | W272: San Luis Potosi | X272: San Luis Potosi | Y272: Mexico | AA272: 22.148934 | AB272: -101.01985 | AC272: Full Bar | AD272: Smoking Section | AE272: Medium | AF272: No | AG272: Closed | AH272: Public
A273: U1108 | B273: 132723 | C273: Latin American | D273: San Luis Potosi | E273: San Luis Potosi | F273: Mexico | G273: 22.143524 | H273: -100.98756 | I273: No | J273: Abstemious | K273: Public | L273: Single | M273: Independent | N273: 29 | O273: Young Adult | P273: Student | Q273: Medium | R273: 2 | S273: 2 | T273: 2 | U273: Gordas De Morales | V273: Mexican | W273: San Luis Potosi | X273: San Luis Potosi | Y273: Mexico | AA273: 22.148934 | AB273: -101.01985 | AC273: Full Bar | AD273: Smoking Section | AE273: Medium | AF273: No | AG273: Closed | AH273: Public
A274: U1108 | B274: 132723 | C274: Deli | D274: San Luis Potosi | E274: San Luis Potosi | F274: Mexico | G274: 22.143524 | H274: -100.98756 | I274: No | J274: Abstemious | K274: Public | L274: Single | M274: Independent | N274: 29 | O274: Young Adult | P274: Student | Q274: Medium | R274: 2 | S274: 2 | T274: 2 | U274: Gordas De Morales | V274: Mexican | W274: San Luis Potosi | X274: San Luis Potosi | Y274: Mexico | AA274: 22.148934 | AB274: -101.01985 | AC274: Full Bar | AD274: Smoking Section | AE274: Medium | AF274: No | AG274: Closed | AH274: Public
A275: U1108 | B275: 132723 | C275: Mexican | D275: San Luis Potosi | E275: San Luis Potosi | F275: Mexico | G275: 22.143524 | H275: -100.98756 | I275: No | J275: Abstemious | K275: Public | L275: Single | M275: Independent | N275: 29 | O275: Young Adult | P275: Student | Q275: Medium | R275: 2 | S275: 2 | T275: 2 | U275: Gordas De Morales | V275: Mexican | W275: San Luis Potosi | X275: San Luis Potosi | Y275: Mexico | AA275: 22.148934 | AB275: -101.01985 | AC275: Full Bar | AD275: Smoking Section | AE275: Medium | AF275: No | AG275: Closed | AH275: Public
A276: U1108 | B276: 132723 | C276: Hot Dogs | D276: San Luis Potosi | E276: San Luis Potosi | F276: Mexico | G276: 22.143524 | H276: -100.98756 | I276: No | J276: Abstemious | K276: Public | L276: Single | M276: Independent | N276: 29 | O276: Young Adult | P276: Student | Q276: Medium | R276: 2 | S276: 2 | T276: 2 | U276: Gordas De Morales | V276: Mexican | W276: San Luis Potosi | X276: San Luis Potosi | Y276: Mexico | AA276: 22.148934 | AB276: -101.01985 | AC276: Full Bar | AD276: Smoking Section | AE276: Medium | AF276: No | AG276: Closed | AH276: Public
A277: U1108 | B277: 132723 | C277: American | D277: San Luis Potosi | E277: San Luis Potosi | F277: Mexico | G277: 22.143524 | H277: -100.98756 | I277: No | J277: Abstemious | K277: Public | L277: Single | M277: Independent | N277: 29 | O277: Young Adult | P277: Student | Q277: Medium | R277: 2 | S277: 2 | T277: 2 | U277: Gordas De Morales | V277: Mexican | W277: San Luis Potosi | X277: San Luis Potosi | Y277: Mexico | AA277: 22.148934 | AB277: -101.01985 | AC277: Full Bar | AD277: Smoking Section | AE277: Medium | AF277: No | AG277: Closed | AH277: Public
A278: U1108 | B278: 132723 | C278: Fast Food | D278: San Luis Potosi | E278: San Luis Potosi | F278: Mexico | G278: 22.143524 | H278: -100.98756 | I278: No | J278: Abstemious | K278: Public | L278: Single | M278: Independent | N278: 29 | O278: Young Adult | P278: Student | Q278: Medium | R278: 2 | S278: 2 | T278: 2 | U278: Gordas De Morales | V278: Mexican | W278: San Luis Potosi | X278: San Luis Potosi | Y278: Mexico | AA278: 22.148934 | AB278: -101.01985 | AC278: Full Bar | AD278: Smoking Section | AE278: Medium | AF278: No | AG278: Closed | AH278: Public
A279: U1108 | B279: 132723 | C279: Burgers | D279: San Luis Potosi | E279: San Luis Potosi | F279: Mexico | G279: 22.143524 | H279: -100.98756 | I279: No | J279: Abstemious | K279: Public | L279: Single | M279: Independent | N279: 29 | O279: Young Adult | P279: Student | Q279: Medium | R279: 2 | S279: 2 | T279: 2 | U279: Gordas De Morales | V279: Mexican | W279: San Luis Potosi | X279: San Luis Potosi | Y279: Mexico | AA279: 22.148934 | AB279: -101.01985 | AC279: Full Bar | AD279: Smoking Section | AE279: Medium | AF279: No | AG279: Closed | AH279: Public
A280: U1108 | B280: 132723 | C280: Asian | D280: San Luis Potosi | E280: San Luis Potosi | F280: Mexico | G280: 22.143524 | H280: -100.98756 | I280: No | J280: Abstemious | K280: Public | L280: Single | M280: Independent | N280: 29 | O280: Young Adult | P280: Student | Q280: Medium | R280: 2 | S280: 2 | T280: 2 | U280: Gordas De Morales | V280: Mexican | W280: San Luis Potosi | X280: San Luis Potosi | Y280: Mexico | AA280: 22.148934 | AB280: -101.01985 | AC280: Full Bar | AD280: Smoking Section | AE280: Medium | AF280: No | AG280: Closed | AH280: Public
A281: U1108 | B281: 132723 | C281: Pizzeria | D281: San Luis Potosi | E281: San Luis Potosi | F281: Mexico | G281: 22.143524 | H281: -100.98756 | I281: No | J281: Abstemious | K281: Public | L281: Single | M281: Independent | N281: 29 | O281: Young Adult | P281: Student | Q281: Medium | R281: 2 | S281: 2 | T281: 2 | U281: Gordas De Morales | V281: Mexican | W281: San Luis Potosi | X281: San Luis Potosi | Y281: Mexico | AA281: 22.148934 | AB281: -101.01985 | AC281: Full Bar | AD281: Smoking Section | AE281: Medium | AF281: No | AG281: Closed | AH281: Public
... A298: U1096 | B298: 132723 | C298: Mexican | D298: San Luis Potosi | E298: San Luis Potosi | F298: Mexico | G298: 22.1455 | H298: -100.93959 | I298: No | J298: Abstemious | K298: Public | L298: Single | M298: Independent | N298: 22 | O298: Young Adult | P298: Student | Q298: Medium | R298: 1 | S298: 2 | T298: 1 | U298: Gordas De Morales | V298: Mexican | W298: San Luis Potosi | X298: San Luis Potosi | Y298: Mexico | AA298: 22.148934 | AB298: -101.01985 | AC298: Full Bar | AD298: Smoking Section | AE298: Medium | AF298: No | AG298: Closed | AH298: Public
A299: U1068 | B299: 132732 | C299: Mexican | D299: Ciudad Victoria | E299: Tamaulipas | F299: Mexico | G299: 23.752269 | H299: -99.168605 | I299: No | J299: Casual Drinker | K299: Public | L299: Single | M299: Independent | N299: 24 | O299: Young Adult | P299: Student | Q299: Low | R299: 0 | S299: 0 | T299: 0 | U299: Taqueria El Amigo | V299: Mexican | W299: Ciudad Victoria | X299: Tamaulipas | Y299: Mexico | Z299: 87018 | AA299: 23.754357 | AB299: -99.171288 | AC299: None | AD299: No | AE299: Low | AF299: No | AG299: Open | AH299: None
A300: U1067 | B300: 132732 | C300: Mexican | D300: Ciudad Victoria | E300: Tamaulipas | F300: Mexico | G300: 23.752269 | H300: -99.168605 | I300: No | J300: Abstemious | K300: Public | L300: Single | M300: Independent | N300: 25 | O300: Young Adult | P300: Student | Q300: Medium | R300: 1 | S300: 2 | T300: 2 | U300: Taqueria El Amigo | V300: Mexican | W300: Ciudad Victoria | X300: Tamaulipas | Y300: Mexico | Z300: 87018 | AA300: 23.754357 | AB300: -99.171288 | AC300: None | AD300: No | AE300: Low | AF300: No | AG300: Open | AH300: None
A301: U1103 | B301: 132732 | C301: Mexican | D301: Ciudad Victoria | E301: Tamaulipas | F301: Mexico | G301: 23.752265 | H301: -99.16859 | I301: No | J301: Abstemious | K301: Public | L301: Single | M301: Independent | N301: 23 | O301: Young Adult | P301: Employed | Q301: Medium | R301: 0 | S301: 0 | T301: 2 | U301: Taqueria El Amigo | V301: Mexican | W301: Ciudad Victoria | X301: Tamaulipas | Y301: Mexico | Z301: 87018 | AA301: 23.754357 | AB301: -99.171288 | AC301: None | AD301: No | AE301: Low | AF301: No | AG301: Open | AH301: None
A302: U1082 | B302: 132732 | C302: Mexican | D302: Ciudad Victoria | E302: Tamaulipas | F302: Mexico | G302: 23.753061 | H302: -99.166095 | I302: Yes | J302: Abstemious | K302: Public | L302: Single | M302: Unknown | N302: 23 | O302: Young Adult | P302: Student | Q302: Medium | R302: 0 | S302: 0 | T302: 0 | U302: Taqueria El Amigo | V302: Mexican | W302: Ciudad Victoria | X302: Tamaulipas | Y302: Mexico | Z302: 87018 | AA302: 23.754357 | AB302: -99.171288 | AC302: None | AD302: No | AE302: Low | AF302: No | AG302: Open | AH302: None
A303: U1028 | B303: 132732 | C303: Mexican | D303: Ciudad Victoria | E303: Tamaulipas | F303: Mexico | G303: 23.752874 | H303: -99.169242 | I303: No | J303: Abstemious | K303: Public | L303: Single | M303: Independent | N303: 23 | O303: Young Adult | P303: Student | Q303: Medium | R303: 1 | S303: 1 | T303: 1 | U303: Taqueria El Amigo | V303: Mexican | W303: Ciudad Victoria | X303: Tamaulipas | Y303: Mexico | Z303: 87018 | AA303: 23.754357 | AB303: -99.171288 | AC303: None | AD303: No | AE303: Low | AF303: No | AG303: Open | AH303: None
A304: U1050 | B304: 132732 | C304: Mexican | D304: Ciudad Victoria | E304: Tamaulipas | F304: Mexico | G304: 23.758815 | H304: -99.171216 | I304: No | J304: Social Drinker | K304: Car | L304: Single | M304: Independent | N304: 23 | O304: Young Adult | P304: Student | Q304: Medium | R304: 0 | S304: 1 | T304: 1 | U304: Taqueria El Amigo | V304: Mexican | W304: Ciudad Victoria | X304: Tamaulipas | Y304: Mexico | Z304: 87018 | AA304: 23.754357 | AB304: -99.171288 | AC304: None | AD304: No | AE304: Low | AF304: No | AG304: Open | AH304: None
A305: U1087 | B305: 132732 | C305: Chinese | D305: Ciudad Victoria | E305: Tamaulipas | F305: Mexico | G305: 23.753336 | H305: -99.167984 | I305: No | J305: Abstemious | K305: Public | L305: Single | M305: Independent | N305: 23 | O305: Young Adult | P305: Student | Q305: Medium | R305: 2 | S305: 2 | T305: 1 | U305: Taqueria El Amigo | V305: Mexican | W305: Ciudad Victoria | X305: Tamaulipas | Y305: Mexico | Z305: 87018 | AA305: 23.754357 | AB305: -99.171288 | AC305: None | AD305: No | AE305: Low | AF305: No | AG305: Open | AH305: None
A306: U1043 | B306: 132732 | C306: Latin American | D306: Ciudad Victoria | E306: Tamaulipas | F306: Mexico | G306: 23.77103 | H306: -99.167082 | I306: No | J306: Abstemious | K306: Public | L306: Single | M306: Independent | N306: 23 | O306: Young Adult | P306: Student | Q306: Medium | R306: 1 | S306: 1 | T306: 1 | U306: Taqueria El Amigo | V306: Mexican | W306: Ciudad Victoria | X306: Tamaulipas | Y306: Mexico | Z306: 87018 | AA306: 23.754357 | AB306: -99.171288 | AC306: None | AD306: No | AE306: Low | AF306: No | AG306: Open | AH306: None
A307: U1067 | B307: 132733 | C307: Mexican | D307: Ciudad Victoria | E307: Tamaulipas | F307: Mexico | G307: 23.752269 | H307: -99.168605 | I307: No | J307: Abstemious | K307: Public | L307: Single | M307: Independent | N307: 25 | O307: Young Adult | P307: Student | Q307: Medium | R307: 1 | S307: 1 | T307: 1 | U307: Little Caesars | V307: Pizzeria | W307: Ciudad Victoria | X307: Tamaulipas | Y307: Mexico | AA307: 23.752707 | AB307: -99.162565 | AC307: None | AD307: No | AE307: Medium | AF307: Yes | AG307: Closed | AH307: Yes
A308: U1103 | B308: 132733 | C308: Mexican | D308: Ciudad Victoria | E308: Tamaulipas | F308: Mexico | G308: 23.752265 | H308: -99.16859 | I308: No | J308: Abstemious | K308: Public | L308: Single | M308: Independent | N308: 23 | O308: Young Adult | P308: Employed | Q308: Medium | R308: 2 | S308: 2 | T308: 2 | U308: Little Caesars | V308: Pizzeria | W308: Ciudad Victoria | X308: Tamaulipas | Y308: Mexico | AA308: 23.752707 | AB308: -99.162565 | AC308: None | AD308: No | AE308: Medium | AF308: Yes | AG308: Closed | AH308: Yes
A309: U1107 | B309: 132733 | C309: Mexican | D309: Ciudad Victoria | E309: Tamaulipas | F309: Mexico | G309: 23.742409 | H309: -99.171889 | I309: No | J309: Abstemious | K309: Car | L309: Single | M309: Independent | N309: 23 | O309: Young Adult | P309: Unknown | Q309: High | R309: 2 | S309: 2 | T309: 2 | U309: Little Caesars | V309: Pizzeria | W309: Ciudad Victoria | X309: Tamaulipas | Y309: Mexico | AA309: 23.752707 | AB309: -99.162565 | AC309: None | AD309: No | AE309: Medium | AF309: Yes | AG309: Closed | AH309: Yes
A310: U1082 | B310: 132733 | C310: Mexican | D310: Ciudad Victoria | E310: Tamaulipas | F310: Mexico | G310: 23.753061 | H310: -99.166095 | I310: Yes | J310: Abstemious | K310: Public | L310: Single | M310: Unknown | N310: 23 | O310: Young Adult | P310: Student | Q310: Medium | R310: 0 | S310: 0 | T310: 0 | U310: Little Caesars | V310: Pizzeria | W310: Ciudad Victoria | X310: Tamaulipas | Y310: Mexico | AA310: 23.752707 | AB310: -99.162565 | AC310: None | AD310: No | AE310: Medium | AF310: Yes | AG310: Closed | AH310: Yes
A311: U1023 | B311: 132733 | C311: Mexican | D311: Ciudad Victoria | E311: Tamaulipas | F311: Mexico | G311: 23.752943 | H311: -99.166589 | I311: No | J311: Casual Drinker | K311: Car | L311: Single | M311: Independent | N311: 24 | O311: Young Adult | P311: Student | Q311: Low | R311: 2 | S311: 2 | T311: 2 | U311: Little Caesars | V311: Pizzeria | W311: Ciudad Victoria | X311: Tamaulipas | Y311: Mexico | AA311: 23.752707 | AB311: -99.162565 | AC311: None | AD311: No | AE311: Medium | AF311: Yes | AG311: Closed | AH311: Yes
A312: U1060 | B312: 132733 | C312: Burgers | D312: Ciudad Victoria | E312: Tamaulipas | F312: Mexico | G312: 23.715238 | H312: -99.158864 | I312: No | J312: Casual Drinker | K312: Public | L312: Single | M312: Independent | N312: 21 | O312: Young Adult | P312: Student | Q312: Medium | R312: 2 | S312: 1 | T312: 2 | U312: Little Caesars | V312: Pizzeria | W312: Ciudad Victoria | X312: Tamaulipas | Y312: Mexico | AA312: 23.752707 | AB312: -99.162565 | AC312: None | AD312: No | AE312: Medium | AF312: Yes | AG312: Closed | AH312: Yes
A313: U1060 | B313: 132733 | C313: Cafeteria | D313: Ciudad Victoria | E313: Tamaulipas | F313: Mexico | G313: 23.715238 | H313: -99.158864 | I313: No | J313: Casual Drinker | K313: Public | L313: Single | M313: Independent | N313: 21 | O313: Young Adult | P313: Student | Q313: Medium | R313: 2 | S313: 1 | T313: 2 | U313: Little Caesars | V313: Pizzeria | W313: Ciudad Victoria | X313: Tamaulipas | Y313: Mexico | AA313: 23.752707 | AB313: -99.162565 | AC313: None | AD313: No | AE313: Medium | AF313: Yes | AG313: Closed | AH313: Yes
A314: U1060 | B314: 132733 | C314: Pizzeria | D314: Ciudad Victoria | E314: Tamaulipas | F314: Mexico | G314: 23.715238 | H314: -99.158864 | I314: No | J314: Casual Drinker | K314: Public | L314: Single | M314: Independent | N314: 21 | O314: Young Adult | P314: Student | Q314: Medium | R314: 2 | S314: 1 | T314: 2 | U314: Little Caesars | V314: Pizzeria | W314: Ciudad Victoria | X314: Tamaulipas | Y314: Mexico | AA314: 23.752707 | AB314: -99.162565 | AC314: None | AD314: No | AE314: Medium | AF314: Yes | AG314: Closed | AH314: Yes
A315: U1060 | B315: 132733 | C315: Juice | D315: Ciudad Victoria | E315: Tamaulipas | F315: Mexico | G315: 23.715238 | H315: -99.158864 | I315: No | J315: Casual Drinker | K315: Public | L315: Single | M315: Independent | N315: 21 | O315: Young Adult | P315: Student | Q315: Medium | R315: 2 | S315: 1 | T315: 2 | U315: Little Caesars | V315: Pizzeria | W315: Ciudad Victoria | X315: Tamaulipas | Y315: Mexico | AA315: 23.752707 | AB315: -99.162565 | AC315: None | AD315: No | AE315: Medium | AF315: Yes | AG315: Closed | AH315: Yes
A316: U1060 | B316: 132733 | C316: American | D316: Ciudad Victoria | E316: Tamaulipas | F316: Mexico | G316: 23.715238 | H316: -99.158864 | I316: No | J316: Casual Drinker | K316: Public | L316: Single | M316: Independent | N316: 21 | O316: Young Adult | P316: Student | Q316: Medium | R316: 2 | S316: 1 | T316: 2 | U316: Little Caesars | V316: Pizzeria | W316: Ciudad Victoria | X316: Tamaulipas | Y316: Mexico | AA316: 23.752707 | AB316: -99.162565 | AC316: None | AD316: No | AE316: Medium | AF316: Yes | AG316: Closed | AH316: Yes
A317: U1060 | B317: 132733 | C317: Tex Mex | D317: Ciudad Victoria | E317: Tamaulipas | F317: Mexico | G317: 23.715238 | H317: -99.158864 | I317: No | J317: Casual Drinker | K317: Public | L317: Single | M317: Independent | N317: 21 | O317: Young Adult | P317: Student | Q317: Medium | R317: 2 | S317: 1 | T317: 2 | U317: Little Caesars | V317: Pizzeria | W317: Ciudad Victoria | X317: Tamaulipas | Y317: Mexico | AA317: 23.752707 | AB317: -99.162565 | AC317: None | AD317: No | AE317: Medium | AF317: Yes | AG317: Closed | AH317: Yes
A318: U1060 | B318: 132733 | C318: Spanish | D318: Ciudad Victoria | E318: Tamaulipas | F318: Mexico | G318: 23.715238 | H318: -99.158864 | I318: No | J318: Casual Drinker | K318: Public | L318: Single | M318: Independent | N318: 21 | O318: Young Adult | P318: Student | Q318: Medium | R318: 2 | S318: 1 | T318: 2 | U318: Little Caesars | V318: Pizzeria | W318: Ciudad Victoria | X318: Tamaulipas | Y318: Mexico | AA318: 23.752707 | AB318: -99.162565 | AC318: None | AD318: No | AE318: Medium | AF318: Yes | AG318: Closed | AH318: Yes
... A384: U1121 | B384: 132767 | C384: Mexican | D384: Cuernavaca | E384: Morelos | F384: Mexico | G384: 18.871674 | H384: -99.183253 | I384: No | J384: Social Drinker | K384: Public | L384: Married | M384: Independent | N384: 25 | O384: Young Adult | P384: Employed | Q384: Medium | R384: 2 | S384: 2 | T384: 2 | U384: Restaurant Familiar El Chino | V384: Vietnamese | W384: Jiutepec | X384: Morelos | Y384: Mexico | AA384: 18.882087 | AB384: -99.163027 | AC384: Wine & Beer | AD384: Yes | AE384: Medium | AF384: No | AG384: Open | AH384: Yes
A385: U1044 | B385: 132768 | C385: Mexican | D385: Cuernavaca | E385: Morelos | F385: Mexico | G385: 18.95298 | H385: -99.260789 | I385: Yes | J385: Social Drinker | K385: Car | L385: Married | M385: Kids | N385: 43 | O385: Young Adult | P385: Employed | Q385: Medium | R385: 2 | S385: 2 | T385: 2 | U385: Mariscos Tia Licha | V385: Family | W385: Cuernavaca | X385: Morelos | Y385: Mexico | Z385: 62320 | AA385: 18.925773 | AB385: -99.232636 | AC385: None | AD385: No | AE385: Medium | AF385: Yes | AG385: Closed | AH385: None
A386: U1017 | B386: 132768 | C386: Chinese | D386: Cuernavaca | E386: Morelos | F386: Mexico | G386: 18.952615 | H386: -99.201616 | I386: No | J386: Casual Drinker | K386: Public | L386: Single | M386: Unknown | N386: 21 | O386: Young Adult | P386: Employed | Q386: Medium | R386: 1 | S386: 1 | T386: 1 | U386: Mariscos Tia Licha | V386: Family | W386: Cuernavaca | X386: Morelos | Y386: Mexico | Z386: 62320 | AA386: 18.925773 | AB386: -99.232636 | AC386: None | AD386: No | AE386: Medium | AF386: Yes | AG386: Closed | AH386: None
A387: U1020 | B387: 132768 | C387: Mexican | D387: Cuernavaca | E387: Morelos | F387: Mexico | G387: 18.878189 | H387: -99.222969 | I387: No | J387: Abstemious | K387: Public | L387: Single | M387: Independent | N387: 30 | O387: Young Adult | P387: Employed | Q387: Medium | R387: 2 | S387: 2 | T387: 2 | U387: Mariscos Tia Licha | V387: Family | W387: Cuernavaca | X387: Morelos | Y387: Mexico | Z387: 62320 | AA387: 18.925773 | AB387: -99.232636 | AC387: None | AD387: No | AE387: Medium | AF387: Yes | AG387: Closed | AH387: None
A388: U1051 | B388: 132768 | C388: Mexican | D388: Cuernavaca | E388: Morelos | F388: Mexico | G388: 18.877719 | H388: -99.22299 | I388: No | J388: Casual Drinker | K388: Public | L388: Single | M388: Independent | N388: 33 | O388: Young Adult | P388: Employed | Q388: Medium | R388: 1 | S388: 2 | T388: 1 | U388: Mariscos Tia Licha | V388: Family | W388: Cuernavaca | X388: Morelos | Y388: Mexico | Z388: 62320 | AA388: 18.925773 | AB388: -99.232636 | AC388: None | AD388: No | AE388: Medium | AF388: Yes | AG388: Closed | AH388: None
A389: U1100 | B389: 132768 | C389: Mexican | D389: Jiutepec | E389: Morelos | F389: Mexico | G389: 18.879729 | H389: -99.067106 | I389: No | J389: Casual Drinker | K389: Public | L389: Single | M389: Independent | N389: 22 | O389: Young Adult | P389: Student | Q389: Medium | R389: 2 | S389: 2 | T389: 2 | U389: Mariscos Tia Licha | V389: Family | W389: Cuernavaca | X389: Morelos | Y389: Mexico | Z389: 62320 | AA389: 18.925773 | AB389: -99.232636 | AC389: None | AD389: No | AE389: Medium | AF389: Yes | AG389: Closed | AH389: None
A390: U1118 | B390: 132768 | C390: Pizzeria | D390: Cuernavaca | E390: Morelos | F390: Mexico | G390: 18.940062 | H390: -99.228172 | I390: Yes | J390: Casual Drinker | K390: Public | L390: Single | M390: Independent | N390: 25 | O390: Young Adult | P390: Student | Q390: Medium | R390: 0 | S390: 0 | T390: 0 | U390: Mariscos Tia Licha | V390: Family | W390: Cuernavaca | X390: Morelos | Y390: Mexico | Z390: 62320 | AA390: 18.925773 | AB390: -99.232636 | AC390: None | AD390: No | AE390: Medium | AF390: Yes | AG390: Closed | AH390: None
A391: U1119 | B391: 132768 | C391: Mexican | D391: Cuernavaca | E391: Morelos | F391: Mexico | G391: 18.96479 | H391: -99.260017 | I391: No | J391: Abstemious | K391: Public | L391: Single | M391: Independent | N391: 20 | O391: Young Adult | P391: Student | Q391: Medium | R391: 2 | S391: 2 | T391: 2 | U391: Mariscos Tia Licha | V391: Family | W391: Cuernavaca | X391: Morelos | Y391: Mexico | Z391: 62320 | AA391: 18.925773 | AB391: -99.232636 | AC391: None | AD391: No | AE391: Medium | AF391: Yes | AG391: Closed | AH391: None
A392: U1079 | B392: 132768 | C392: Mexican | D392: Cuernavaca | E392: Morelos | F392: Mexico | G392: 18.917 | H392: -99.25 | I392: No | J392: Abstemious | K392: Public | L392: Single | M392: Independent | N392: 20 | O392: Young Adult | P392: Unknown | Q392: Medium | R392: 2 | S392: 2 | T392: 2 | U392: Mariscos Tia Licha | V392: Family | W392: Cuernavaca | X392: Morelos | Y392: Mexico | Z392: 62320 | AA392: 18.925773 | AB392: -99.232636 | AC392: None | AD392: No | AE392: Medium | AF392: Yes | AG392: Closed | AH392: None
A393: U1042 | B393: 132768 | C393: Mexican | D393: Cuernavaca | E393: Morelos | F393: Mexico | G393: 18.925773 | H393: -99.219589 | I393: No | J393: Abstemious | K393: Car | L393: Single | M393: Independent | N393: 69 | O393: Old | P393: Student | Q393: High | R393: 2 | S393: 2 | T393: 1 | U393: Mariscos Tia Licha | V393: Family | W393: Cuernavaca | X393: Morelos | Y393: Mexico | Z393: 62320 | AA393: 18.925773 | AB393: -99.232636 | AC393: None | AD393: No | AE393: Medium | AF393: Yes | AG393: Closed | AH393: None
A394: U1041 | B394: 132768 | C394: Contemporary | D394: Cuernavaca | E394: Morelos | F394: Mexico | G394: 18.935191 | H394: -99.23624 | I394: No | J394: Abstemious | K394: On Foot | L394: Single | M394: Independent | N394: 27 | O394: Young Adult | P394: Employed | Q394: Medium | R394: 2 | S394: 2 | T394: 1 | U394: Mariscos Tia Licha | V394: Family | W394: Cuernavaca | X394: Morelos | Y394: Mexico | Z394: 62320 | AA394: 18.925773 | AB394: -99.232636 | AC394: None | AD394: No | AE394: Medium | AF394: Yes | AG394: Closed | AH394: None
A395: U1035 | B395: 132773 | C395: Family | D395: Cuernavaca | E395: Morelos | F395: Mexico | G395: 18.839671 | H395: -99.223897 | I395: Yes | J395: Casual Drinker | K395: Car | L395: Single | M395: Independent | N395: 27 | O395: Young Adult | P395: Student | Q395: Medium | R395: 2 | S395: 1 | T395: 2 | U395: El Cotorreo | V395: Family | W395: Cuernavaca | X395: Morelos | Y395: Mexico | AA395: 18.869993 | AB395: -99.210319 | AC395: Wine & Beer | AD395: Yes | AE395: Low | AF395: No | AG395: Open | AH395: None
A396: U1035 | B396: 132773 | C396: Family | D396: Cuernavaca | E396: Morelos | F396: Mexico | G396: 18.839671 | H396: -99.223897 | I396: Yes | J396: Casual Drinker | K396: Car | L396: Single | M396: Independent | N396: 27 | O396: Young Adult | P396: Student | Q396: Medium | R396: 2 | S396: 1 | T396: 2 | U396: El Cotorreo | V396: Mexican | W396: Cuernavaca | X396: Morelos | Y396: Mexico | AA396: 18.869993 | AB396: -99.210319 | AC396: Wine & Beer | AD396: Yes | AE396: Low | AF396: No | AG396: Open | AH396: None
A397: U1072 | B397: 132773 | C397: Mexican | D397: Cuernavaca | E397: Morelos | F397: Mexico | G397: 18.86826 | H397: -99.212033 | I397: No | J397: Casual Drinker | K397: Public | L397: Single | M397: Independent | N397: 28 | O397: Young Adult | P397: Student | Q397: Medium | R397: 2 | S397: 1 | T397: 2 | U397: El Cotorreo | V397: Family | W397: Cuernavaca | X397: Morelos | Y397: Mexico | AA397: 18.869993 | AB397: -99.210319 | AC397: Wine & Beer | AD397: Yes | AE397: Low | AF397: No | AG397: Open | AH397: None
A398: U1072 | B398: 132773 | C398: Mexican | D398: Cuernavaca | E398: Morelos | F398: Mexico | G398: 18.86826 | H398: -99.212033 | I398: No | J398: Casual Drinker | K398: Public | L398: Single | M398: Independent | N398: 28 | O398: Young Adult | P398: Student | Q398: Medium | R398: 2 | S398: 1 | T398: 2 | U398: El Cotorreo | V398: Mexican | W398: Cuernavaca | X398: Morelos | Y398: Mexico | AA398: 18.869993 | AB398: -99.210319 | AC398: Wine & Beer | AD398: Yes | AE398: Low | AF398: No | AG398: Open | AH398: None
A399: U1117 | B399: 132773 | C399: Turkish | D399: Cuernavaca | E399: Morelos | F399: Mexico | G399: 18.875641 | H399: -99.220737 | I399: No | J399: Abstemious | K399: Public | L399: Single | M399: Independent | N399: 30 | O399: Young Adult | P399: Employed | Q399: Medium | R399: 1 | S399: 2 | T399: 2 | U399: El Cotorreo | V399: Family | W399: Cuernavaca | X399: Morelos | Y399: Mexico | AA399: 18.869993 | AB399: -99.210319 | AC399: Wine & Beer | AD399: Yes | AE399: Low | AF399: No | AG399: Open | AH399: None
A400: U1117 | B400: 132773 | C400: Turkish | D400: Cuernavaca | E400: Morelos | F400: Mexico | G400: 18.875641 | H400: -99.220737 | I400: No | J400: Abstemious | K400: Public | L400: Single | M400: Independent | N400: 30 | O400: Young Adult | P400: Employed | Q400: Medium | R400: 1 | S400: 2 | T400: 2 | U400: El Cotorreo | V400: Mexican | W400: Cuernavaca | X400: Morelos | Y400: Mexico | AA400: 18.869993 | AB400: -99.210319 | AC400: Wine & Beer | AD400: Yes | AE400: Low | AF400: No | AG400: Open | AH400: None
A401: U1040 | B401: 132773 | C401: Pizzeria | D401: Cuernavaca | E401: Morelos | F401: Mexico | G401: 18.895187 | H401: -99.18039 | I401: No | J401: Abstemious | K401: Public | L401: Single | M401: Independent | N401: 18 | O401: Teenagers | P401: Student | Q401: Medium | R401: 1 | S401: 1 | T401: 1 | U401: El Cotorreo | V401: Family | W401: Cuernavaca | X401: Morelos | Y401: Mexico | AA401: 18.869993 | AB401: -99.210319 | AC401: Wine & Beer | AD401: Yes | AE401: Low | AF401: No | AG401: Open | AH401: None
A402: U1040 | B402: 132773 | C402: Pizzeria | D402: Cuernavaca | E402: Morelos | F402: Mexico | G402: 18.895187 | H402: -99.18039 | I402: No | J402: Abstemious | K402: Public | L402: Single | M402: Independent | N402: 18 | O402: Teenagers | P402: Student | Q402: Medium | R402: 1 | S402: 1 | T402: 1 | U402: El Cotorreo | V402: Mexican | W402: Cuernavaca | X402: Morelos | Y402: Mexico | AA402: 18.869993 | AB402: -99.210319 | AC402: Wine & Beer | AD402: Yes | AE402: Low | AF402: No | AG402: Open | AH402: None
A403: U1116 | B403: 132834 | C403: Mexican | D403: San Luis Potosi | E403: San Luis Potosi | F403: Mexico | G403: 22.156469 | H403: -100.98554 | I403: No | J403: Social Drinker | K403: Public | L403: Married | M403: Kids | N403: 25 | O403: Young Adult | P403: Student | Q403: Medium | R403: 2 | S403: 2 | T403: 2 | U403: Gorditas Doa Gloria | V403: Mexican | W403: San Luis Potosi | X403: San Luis Potosi | Y403: Mexico | Z403: 78349 | AA403: 22.156469 | AB403: -100.98554 | AC403: None | AD403: No | AE403: Low | AF403: No | AG403: Closed | AH403: Public
A404: U1075 | B404: 132834 | C404: Mexican | D404: San Luis Potosi | E404: San Luis Potosi | F404: Mexico | G404: 22.167575 | H404: -100.96036 | I404: No | J404: Casual Drinker | K404: Car | L404: Single | M404: Independent | N404: 21 | O404: Young Adult | P404: Student | Q404: Medium | R404: 1 | S404: 2 | T404: 1 | U404: Gorditas Doa Gloria | V404: Mexican | W404: San Luis Potosi | X404: San Luis Potosi | Y404: Mexico | Z404: 78349 | AA404: 22.156469 | AB404: -100.98554 | AC404: None | AD404: No | AE404: Low | AF404: No | AG404: Closed | AH404: Public
A405: U1024 | B405: 132834 | C405: Afghan | D405: San Luis Potosi | E405: San Luis Potosi | F405: Mexico | G405: 22.154021 | H405: -100.97603 | I405: Unknown | J405: Abstemious | K405: Unknown | L405: Unknown | M405: Unknown | N405: 82 | O405: Old | P405: Unknown | Q405: Unknown | R405: 1 | S405: 1 | T405: 1 | U405: Gorditas Doa Gloria | V405: Mexican | W405: San Luis Potosi | X405: San Luis Potosi | Y405: Mexico | Z405: 78349 | AA405: 22.156469 | AB405: -100.98554 | AC405: None | AD405: No | AE405: Low | AF405: No | AG405: Closed | AH405: Public
A406: U1036 | B406: 132834 | C406: Mexican | D406: San Luis Potosi | E406: San Luis Potosi | F406: Mexico | G406: 22.160572 | H406: -100.98942 | I406: No | J406: Social Drinker | K406: Public | L406: Single | M406: Independent | N406: 21 | O406: Young Adult | P406: Student | Q406: Medium | R406: 1 | S406: 2 | T406: 2 | U406: Gorditas Doa Gloria | V406: Mexican | W406: San Luis Potosi | X406: San Luis Potosi | Y406: Mexico | Z406: 78349 | AA406: 22.156469 | AB406: -100.98554 | AC406: None | AD406: No | AE406: Low | AF406: No | AG406: Closed | AH406: Public
...

Sheet MasterSheet
A1: Consumer_ID | B1: Restaurant_ID | C1: Consumer_City | D1: Consumer_State | E1: Consumer_Country | F1: Consumer_Latitude | G1: Consumer_Longitude | H1: Consumer_Smoker | I1: Consumer_Drink_Level | J1: Consumer_Transportation_Method | K1: Consumer_Marital_Status | L1: Consumer_Children | M1: Consumer_Age | N1: Consumer_Age_Bracket | O1: Consumer_Occupation | P1: Consumer_Budget | Q1: Consumer_Preferred_Cuisine | R1: Overall_Rating | S1: Food_Rating | T1: Service_Rating | U1: Restaurant_Name | V1: Restaurant_Cuisine | W1: Restaurant_City | X1: Restaurant_State | Y1: Restaurant_Country | Z1: Restaurant_Zip_Code | AA1: RestaurantTable.Restaurant_Latitude | AB1: RestaurantTable.Restaurant_Longitude | AC1: Restaurant_Alcohol_Service | AD1: Restaurant_Smoking_Allowed | AE1: Restaurant_Price | AF1: Restaurant_Franchise | AG1: Restaurant_Area | AH1: Restaurant_Parking
A2: U1067 | B2: 132560 | C2: Ciudad Victoria | D2: Tamaulipas | E2: Mexico | F2: 23.752269 | G2: -99.168605 | H2: No | I2: Abstemious | J2: Public | K2: Single | L2: Independent | M2: 25 | N2: Young Adult | O2: Student | P2: Medium | Q2: Mexican | R2: 1 | S2: 0 | T2: 0 | U2: Puesto De Gorditas | V2: Regional | W2: Ciudad Victoria | X2: Tamaulipas | Y2: Mexico | AA2: 23.752304 | AB2: -99.166913 | AC2: None | AD2: Yes | AE2: Low | AF2: No | AG2: Open | AH2: Public
A3: U1082 | B3: 132560 | C3: Ciudad Victoria | D3: Tamaulipas | E3: Mexico | F3: 23.753061 | G3: -99.166095 | H3: Yes | I3: Abstemious | J3: Public | K3: Single | L3: Unknown | M3: 23 | N3: Young Adult | O3: Student | P3: Medium | Q3: Mexican | R3: 0 | S3: 0 | T3: 0 | U3: Puesto De Gorditas | V3: Regional | W3: Ciudad Victoria | X3: Tamaulipas | Y3: Mexico | AA3: 23.752304 | AB3: -99.166913 | AC3: None | AD3: Yes | AE3: Low | AF3: No | AG3: Open | AH3: Public
A4: U1050 | B4: 132560 | C4: Ciudad Victoria | D4: Tamaulipas | E4: Mexico | F4: 23.758815 | G4: -99.171216 | H4: No | I4: Social Drinker | J4: Car | K4: Single | L4: Independent | M4: 23 | N4: Young Adult | O4: Student | P4: Medium | Q4: Mexican | R4: 0 | S4: 2 | T4: 0 | U4: Puesto De Gorditas | V4: Regional | W4: Ciudad Victoria | X4: Tamaulipas | Y4: Mexico | AA4: 23.752304 | AB4: -99.166913 | AC4: None | AD4: Yes | AE4: Low | AF4: No | AG4: Open | AH4: Public
A5: U1087 | B5: 132560 | C5: Ciudad Victoria | D5: Tamaulipas | E5: Mexico | F5: 23.753336 | G5: -99.167984 | H5: No | I5: Abstemious | J5: Public | K5: Single | L5: Independent | M5: 23 | N5: Young Adult | O5: Student | P5: Medium | Q5: Chinese | R5: 1 | S5: 2 | T5: 1 | U5: Puesto De Gorditas | V5: Regional | W5: Ciudad Victoria | X5: Tamaulipas | Y5: Mexico | AA5: 23.752304 | AB5: -99.166913 | AC5: None | AD5: Yes | AE5: Low | AF5: No | AG5: Open | AH5: Public
A6: U1083 | B6: 132572 | C6: San Luis Potosi | D6: San Luis Potosi | E6: Mexico | F6: 22.13392 | G6: -101.02837 | H6: No | I6: Abstemious | J6: Unknown | K6: Unknown | L6: Unknown | M6: 31 | N6: Young Adult | O6: Unknown | P6: Unknown | Q6: Mexican | R6: 2 | S6: 2 | T6: 2 | U6: Cafe Chaires | V6: Cafeteria | W6: San Luis Potosi | X6: San Luis Potosi | Y6: Mexico | AA6: 22.141647 | AB6: -100.99271 | AC6: None | AD6: No | AE6: Low | AF6: No | AG6: Closed | AH6: Yes
A7: U1108 | B7: 132572 | C7: San Luis Potosi | D7: San Luis Potosi | E7: Mexico | F7: 22.143524 | G7: -100.98756 | H7: No | I7: Abstemious | J7: Public | K7: Single | L7: Independent | M7: 29 | N7: Young Adult | O7: Student | P7: Medium | Q7: Coffee Shop | R7: 1 | S7: 2 | T7: 1 | U7: Cafe Chaires | V7: Cafeteria | W7: San Luis Potosi | X7: San Luis Potosi | Y7: Mexico | AA7: 22.141647 | AB7: -100.99271 | AC7: None | AD7: No | AE7: Low | AF7: No | AG7: Closed | AH7: Yes
A8: U1108 | B8: 132572 | C8: San Luis Potosi | D8: San Luis Potosi | E8: Mexico | F8: 22.143524 | G8: -100.98756 | H8: No | I8: Abstemious | J8: Public | K8: Single | L8: Independent | M8: 29 | N8: Young Adult | O8: Student | P8: Medium | Q8: Sushi | R8: 1 | S8: 2 | T8: 1 | U8: Cafe Chaires | V8: Cafeteria | W8: San Luis Potosi | X8: San Luis Potosi | Y8: Mexico | AA8: 22.141647 | AB8: -100.99271 | AC8: None | AD8: No | AE8: Low | AF8: No | AG8: Closed | AH8: Yes
A9: U1108 | B9: 132572 | C9: San Luis Potosi | D9: San Luis Potosi | E9: Mexico | F9: 22.143524 | G9: -100.98756 | H9: No | I9: Abstemious | J9: Public | K9: Single | L9: Independent | M9: 29 | N9: Young Adult | O9: Student | P9: Medium | Q9: Latin American | R9: 1 | S9: 2 | T9: 1 | U9: Cafe Chaires | V9: Cafeteria | W9: San Luis Potosi | X9: San Luis Potosi | Y9: Mexico | AA9: 22.141647 | AB9: -100.99271 | AC9: None | AD9: No | AE9: Low | AF9: No | AG9: Closed | AH9: Yes
A10: U1108 | B10: 132572 | C10: San Luis Potosi | D10: San Luis Potosi | E10: Mexico | F10: 22.143524 | G10: -100.98756 | H10: No | I10: Abstemious | J10: Public | K10: Single | L10: Independent | M10: 29 | N10: Young Adult | O10: Student | P10: Medium | Q10: Deli | R10: 1 | S10: 2 | T10: 1 | U10: Cafe Chaires | V10: Cafeteria | W10: San Luis Potosi | X10: San Luis Potosi | Y10: Mexico | AA10: 22.141647 | AB10: -100.99271 | AC10: None | AD10: No | AE10: Low | AF10: No | AG10: Closed | AH10: Yes
A11: U1108 | B11: 132572 | C11: San Luis Potosi | D11: San Luis Potosi | E11: Mexico | F11: 22.143524 | G11: -100.98756 | H11: No | I11: Abstemious | J11: Public | K11: Single | L11: Independent | M11: 29 | N11: Young Adult | O11: Student | P11: Medium | Q11: Mexican | R11: 1 | S11: 2 | T11: 1 | U11: Cafe Chaires | V11: Cafeteria | W11: San Luis Potosi | X11: San Luis Potosi | Y11: Mexico | AA11: 22.141647 | AB11: -100.99271 | AC11: None | AD11: No | AE11: Low | AF11: No | AG11: Closed | AH11: Yes
A12: U1108 | B12: 132572 | C12: San Luis Potosi | D12: San Luis Potosi | E12: Mexico | F12: 22.143524 | G12: -100.98756 | H12: No | I12: Abstemious | J12: Public | K12: Single | L12: Independent | M12: 29 | N12: Young Adult | O12: Student | P12: Medium | Q12: Hot Dogs | R12: 1 | S12: 2 | T12: 1 | U12: Cafe Chaires | V12: Cafeteria | W12: San Luis Potosi | X12: San Luis Potosi | Y12: Mexico | AA12: 22.141647 | AB12: -100.99271 | AC12: None | AD12: No | AE12: Low | AF12: No | AG12: Closed | AH12: Yes
A13: U1108 | B13: 132572 | C13: San Luis Potosi | D13: San Luis Potosi | E13: Mexico | F13: 22.143524 | G13: -100.98756 | H13: No | I13: Abstemious | J13: Public | K13: Single | L13: Independent | M13: 29 | N13: Young Adult | O13: Student | P13: Medium | Q13: American | R13: 1 | S13: 2 | T13: 1 | U13: Cafe Chaires | V13: Cafeteria | W13: San Luis Potosi | X13: San Luis Potosi | Y13: Mexico | AA13: 22.141647 | AB13: -100.99271 | AC13: None | AD13: No | AE13: Low | AF13: No | AG13: Closed | AH13: Yes
... A38: U1073 | B38: 132572 | C38: San Luis Potosi | D38: San Luis Potosi | E38: Mexico | F38: 22.15 | G38: -100.983 | H38: No | I38: Abstemious | J38: Car | K38: Single | L38: Kids | M38: 23 | N38: Young Adult | O38: Unemployed | P38: Medium | Q38: American | R38: 0 | S38: 0 | T38: 0 | U38: Cafe Chaires | V38: Cafeteria | W38: San Luis Potosi | X38: San Luis Potosi | Y38: Mexico | AA38: 22.141647 | AB38: -100.99271 | AC38: None | AD38: No | AE38: Low | AF38: No | AG38: Closed | AH38: Yes
A39: U1044 | B39: 132583 | C39: Cuernavaca | D39: Morelos | E39: Mexico | F39: 18.95298 | G39: -99.260789 | H39: Yes | I39: Social Drinker | J39: Car | K39: Married | L39: Kids | M39: 43 | N39: Young Adult | O39: Employed | P39: Medium | Q39: Mexican | R39: 1 | S39: 2 | T39: 1 | U39: Mcdonalds Centro | V39: American | W39: Cuernavaca | X39: Morelos | Y39: Mexico | Z39: 62000 | AA39: 18.92229 | AB39: -99.234332 | AC39: None | AD39: No | AE39: Low | AF39: Yes | AG39: Closed | AH39: None
A40: U1035 | B40: 132583 | C40: Cuernavaca | D40: Morelos | E40: Mexico | F40: 18.839671 | G40: -99.223897 | H40: Yes | I40: Casual Drinker | J40: Car | K40: Single | L40: Independent | M40: 27 | N40: Young Adult | O40: Student | P40: Medium | Q40: Family | R40: 1 | S40: 0 | T40: 2 | U40: Mcdonalds Centro | V40: American | W40: Cuernavaca | X40: Morelos | Y40: Mexico | Z40: 62000 | AA40: 18.92229 | AB40: -99.234332 | AC40: None | AD40: No | AE40: Low | AF40: Yes | AG40: Closed | AH40: None
A41: U1118 | B41: 132583 | C41: Cuernavaca | D41: Morelos | E41: Mexico | F41: 18.940062 | G41: -99.228172 | H41: Yes | I41: Casual Drinker | J41: Public | K41: Single | L41: Independent | M41: 25 | N41: Young Adult | O41: Student | P41: Medium | Q41: Pizzeria | R41: 0 | S41: 0 | T41: 0 | U41: Mcdonalds Centro | V41: American | W41: Cuernavaca | X41: Morelos | Y41: Mexico | Z41: 62000 | AA41: 18.92229 | AB41: -99.234332 | AC41: None | AD41: No | AE41: Low | AF41: Yes | AG41: Closed | AH41: None
A42: U1119 | B42: 132583 | C42: Cuernavaca | D42: Morelos | E42: Mexico | F42: 18.96479 | G42: -99.260017 | H42: No | I42: Abstemious | J42: Public | K42: Single | L42: Independent | M42: 20 | N42: Young Adult | O42: Student | P42: Medium | Q42: Mexican | R42: 2 | S42: 2 | T42: 2 | U42: Mcdonalds Centro | V42: American | W42: Cuernavaca | X42: Morelos | Y42: Mexico | Z42: 62000 | AA42: 18.92229 | AB42: -99.234332 | AC42: None | AD42: No | AE42: Low | AF42: Yes | AG42: Closed | AH42: None
A43: U1067 | B43: 132584 | C43: Ciudad Victoria | D43: Tamaulipas | E43: Mexico | F43: 23.752269 | G43: -99.168605 | H43: No | I43: Abstemious | J43: Public | K43: Single | L43: Independent | M43: 25 | N43: Young Adult | O43: Student | P43: Medium | Q43: Mexican | R43: 2 | S43: 2 | T43: 2 | U43: Gorditas Doña Tota | V43: Mexican | W43: Ciudad Victoria | X43: Tamaulipas | Y43: Mexico | AA43: 23.752365 | AB43: -99.165288 | AC43: None | AD43: No | AE43: Medium | AF43: Yes | AG43: Closed | AH43: Yes
A44: U1103 | B44: 132584 | C44: Ciudad Victoria | D44: Tamaulipas | E44: Mexico | F44: 23.752265 | G44: -99.16859 | H44: No | I44: Abstemious | J44: Public | K44: Single | L44: Independent | M44: 23 | N44: Young Adult | O44: Employed | P44: Medium | Q44: Mexican | R44: 1 | S44: 2 | T44: 1 | U44: Gorditas Doña Tota | V44: Mexican | W44: Ciudad Victoria | X44: Tamaulipas | Y44: Mexico | AA44: 23.752365 | AB44: -99.165288 | AC44: None | AD44: No | AE44: Medium | AF44: Yes | AG44: Closed | AH44: Yes
A45: U1107 | B45: 132584 | C45: Ciudad Victoria | D45: Tamaulipas | E45: Mexico | F45: 23.742409 | G45: -99.171889 | H45: No | I45: Abstemious | J45: Car | K45: Single | L45: Independent | M45: 23 | N45: Young Adult | O45: Unknown | P45: High | Q45: Mexican | R45: 2 | S45: 2 | T45: 2 | U45: Gorditas Doña Tota | V45: Mexican | W45: Ciudad Victoria | X45: Tamaulipas | Y45: Mexico | AA45: 23.752365 | AB45: -99.165288 | AC45: None | AD45: No | AE45: Medium | AF45: Yes | AG45: Closed | AH45: Yes
A46: U1123 | B46: 132584 | C46: Ciudad Victoria | D46: Tamaulipas | E46: Mexico | F46: 23.753112 | G46: -99.168567 | H46: No | I46: Abstemious | J46: Unknown | K46: Single | L46: Independent | M46: 25 | N46: Young Adult | O46: Student | P46: Medium | Q46: Mexican | R46: 1 | S46: 2 | T46: 0 | U46: Gorditas Doña Tota | V46: Mexican | W46: Ciudad Victoria | X46: Tamaulipas | Y46: Mexico | AA46: 23.752365 | AB46: -99.165288 | AC46: None | AD46: No | AE46: Medium | AF46: Yes | AG46: Closed | AH46: Yes
A47: U1063 | B47: 132584 | C47: Ciudad Victoria | D47: Tamaulipas | E47: Mexico | F47: 23.745096 | G47: -99.164357 | H47: No | I47: Casual Drinker | J47: Public | K47: Single | L47: Independent | M47: 24 | N47: Young Adult | O47: Student | P47: Medium | Q47: Mexican | R47: 2 | S47: 1 | T47: 1 | U47: Gorditas Doña Tota | V47: Mexican | W47: Ciudad Victoria | X47: Tamaulipas | Y47: Mexico | AA47: 23.752365 | AB47: -99.165288 | AC47: None | AD47: No | AE47: Medium | AF47: Yes | AG47: Closed | AH47: Yes
A48: U1050 | B48: 132584 | C48: Ciudad Victoria | D48: Tamaulipas | E48: Mexico | F48: 23.758815 | G48: -99.171216 | H48: No | I48: Social Drinker | J48: Car | K48: Single | L48: Independent | M48: 23 | N48: Young Adult | O48: Student | P48: Medium | Q48: Mexican | R48: 0 | S48: 0 | T48: 0 | U48: Gorditas Doña Tota | V48: Mexican | W48: Ciudad Victoria | X48: Tamaulipas | Y48: Mexico | AA48: 23.752365 | AB48: -99.165288 | AC48: None | AD48: No | AE48: Medium | AF48: Yes | AG48: Closed | AH48: Yes
A49: U1082 | B49: 132594 | C49: Ciudad Victoria | D49: Tamaulipas | E49: Mexico | F49: 23.753061 | G49: -99.166095 | H49: Yes | I49: Abstemious | J49: Public | K49: Single | L49: Unknown | M49: 23 | N49: Young Adult | O49: Student | P49: Medium | Q49: Mexican | R49: 0 | S49: 0 | T49: 0 | U49: Tacos De Barbacoa Enfrente Del Tec | V49: Mexican | W49: Ciudad Victoria | X49: Tamaulipas | Y49: Mexico | AA49: 23.752168 | AB49: -99.165709 | AC49: None | AD49: No | AE49: Low | AF49: No | AG49: Open | AH49: Public
A50: U1123 | B50: 132594 | C50: Ciudad Victoria | D50: Tamaulipas | E50: Mexico | F50: 23.753112 | G50: -99.168567 | H50: No | I50: Abstemious | J50: Unknown | K50: Single | L50: Independent | M50: 25 | N50: Young Adult | O50: Student | P50: Medium | Q50: Mexican | R50: 1 | S50: 1 | T50: 1 | U50: Tacos De Barbacoa Enfrente Del Tec | V50: Mexican | W50: Ciudad Victoria | X50: Tamaulipas | Y50: Mexico | AA50: 23.752168 | AB50: -99.165709 | AC50: None | AD50: No | AE50: Low | AF50: No | AG50: Open | AH50: Public
A51: U1050 | B51: 132594 | C51: Ciudad Victoria | D51: Tamaulipas | E51: Mexico | F51: 23.758815 | G51: -99.171216 | H51: No | I51: Social Drinker | J51: Car | K51: Single | L51: Independent | M51: 23 | N51: Young Adult | O51: Student | P51: Medium | Q51: Mexican | R51: 0 | S51: 2 | T51: 0 | U51: Tacos De Barbacoa Enfrente Del Tec | V51: Mexican | W51: Ciudad Victoria | X51: Tamaulipas | Y51: Mexico | AA51: 23.752168 | AB51: -99.165709 | AC51: None | AD51: No | AE51: Low | AF51: No | AG51: Open | AH51: Public
A52: U1087 | B52: 132594 | C52: Ciudad Victoria | D52: Tamaulipas | E52: Mexico | F52: 23.753336 | G52: -99.167984 | H52: No | I52: Abstemious | J52: Public | K52: Single | L52: Independent | M52: 23 | N52: Young Adult | O52: Student | P52: Medium | Q52: Chinese | R52: 1 | S52: 2 | T52: 1 | U52: Tacos De Barbacoa Enfrente Del Tec | V52: Mexican | W52: Ciudad Victoria | X52: Tamaulipas | Y52: Mexico | AA52: 23.752168 | AB52: -99.165709 | AC52: None | AD52: No | AE52: Low | AF52: No | AG52: Open | AH52: Public
A53: U1068 | B53: 132594 | C53: Ciudad Victoria | D53: Tamaulipas | E53: Mexico | F53: 23.752269 | G53: -99.168605 | H53: No | I53: Casual Drinker | J53: Public | K53: Single | L53: Independent | M53: 24 | N53: Young Adult | O53: Student | P53: Low | Q53: Mexican | R53: 1 | S53: 1 | T53: 1 | U53: Tacos De Barbacoa Enfrente Del Tec | V53: Mexican | W53: Ciudad Victoria | X53: Tamaulipas | Y53: Mexico | AA53: 23.752168 | AB53: -99.165709 | AC53: None | AD53: No | AE53: Low | AF53: No | AG53: Open | AH53: Public
A54: U1070 | B54: 132608 | C54: Ciudad Victoria | D54: Tamaulipas | E54: Mexico | F54: 23.753237 | G54: -99.166868 | H54: No | I54: Casual Drinker | J54: Public | K54: Single | L54: Independent | M54: 21 | N54: Young Adult | O54: Student | P54: Low | Q54: Mexican | R54: 2 | S54: 2 | T54: 1 | U54: Hamburguesas La Perica | V54: Mexican | W54: Ciudad Victoria | X54: Tamaulipas | Y54: Mexico | AA54: 23.758805 | AB54: -99.16513 | AC54: None | AD54: Yes | AE54: Low | AF54: Yes | AG54: Open | AH54: Public
... A73: U1039 | B73: 132626 | C73: Ciudad Victoria | D73: Tamaulipas | E73: Mexico | F73: 23.738067 | G73: -99.139906 | H73: No | I73: Social Drinker | J73: Unknown | K73: Single | L73: Independent | M73: 23 | N73: Young Adult | O73: Student | P73: Medium | Q73: Regional | R73: 2 | S73: 2 | T73: 1 | U73: La Perica Hamburguesa | V73: Italian | W73: Ciudad Victoria | X73: Tamaulipas | Y73: Mexico | AA73: 23.737583 | AB73: -99.135132 | AC73: None | AD73: No | AE73: Medium | AF73: Yes | AG73: Closed | AH73: Yes
A74: U1130 | B74: 132626 | C74: Ciudad Victoria | D74: Tamaulipas | E74: Mexico | F74: 23.733 | G74: -99.133 | I74: Abstemious | J74: Unknown | K74: Unknown | L74: Unknown | M74: 23 | N74: Young Adult | O74: Unknown | P74: Unknown | Q74: Mexican | R74: 0 | S74: 0 | T74: 0 | U74: La Perica Hamburguesa | V74: Italian | W74: Ciudad Victoria | X74: Tamaulipas | Y74: Mexico | AA74: 23.737583 | AB74: -99.135132 | AC74: None | AD74: No | AE74: Medium | AF74: Yes | AG74: Closed | AH74: Yes
A75: U1068 | B75: 132630 | C75: Ciudad Victoria | D75: Tamaulipas | E75: Mexico | F75: 23.752269 | G75: -99.168605 | H75: No | I75: Casual Drinker | J75: Public | K75: Single | L75: Independent | M75: 24 | N75: Young Adult | O75: Student | P75: Low | Q75: Mexican | R75: 1 | S75: 1 | T75: 1 | U75: Palomo Tec | V75: Mexican | W75: Ciudad Victoria | X75: Tamaulipas | Y75: Mexico | AA75: 23.752931 | AB75: -99.164473 | AC75: None | AD75: No | AE75: Low | AF75: No | AG75: Closed | AH75: None
A76: U1067 | B76: 132630 | C76: Ciudad Victoria | D76: Tamaulipas | E76: Mexico | F76: 23.752269 | G76: -99.168605 | H76: No | I76: Abstemious | J76: Public | K76: Single | L76: Independent | M76: 25 | N76: Young Adult | O76: Student | P76: Medium | Q76: Mexican | R76: 1 | S76: 0 | T76: 1 | U76: Palomo Tec | V76: Mexican | W76: Ciudad Victoria | X76: Tamaulipas | Y76: Mexico | AA76: 23.752931 | AB76: -99.164473 | AC76: None | AD76: No | AE76: Low | AF76: No | AG76: Closed | AH76: None
A77: U1103 | B77: 132630 | C77: Ciudad Victoria | D77: Tamaulipas | E77: Mexico | F77: 23.752265 | G77: -99.16859 | H77: No | I77: Abstemious | J77: Public | K77: Single | L77: Independent | M77: 23 | N77: Young Adult | O77: Employed | P77: Medium | Q77: Mexican | R77: 1 | S77: 2 | T77: 0 | U77: Palomo Tec | V77: Mexican | W77: Ciudad Victoria | X77: Tamaulipas | Y77: Mexico | AA77: 23.752931 | AB77: -99.164473 | AC77: None | AD77: No | AE77: Low | AF77: No | AG77: Closed | AH77: None
A78: U1082 | B78: 132630 | C78: Ciudad Victoria | D78: Tamaulipas | E78: Mexico | F78: 23.753061 | G78: -99.166095 | H78: Yes | I78: Abstemious | J78: Public | K78: Single | L78: Unknown | M78: 23 | N78: Young Adult | O78: Student | P78: Medium | Q78: Mexican | R78: 1 | S78: 1 | T78: 1 | U78: Palomo Tec | V78: Mexican | W78: Ciudad Victoria | X78: Tamaulipas | Y78: Mexico | AA78: 23.752931 | AB78: -99.164473 | AC78: None | AD78: No | AE78: Low | AF78: No | AG78: Closed | AH78: None
A79: U1028 | B79: 132630 | C79: Ciudad Victoria | D79: Tamaulipas | E79: Mexico | F79: 23.752874 | G79: -99.169242 | H79: No | I79: Abstemious | J79: Public | K79: Single | L79: Independent | M79: 23 | N79: Young Adult | O79: Student | P79: Medium | Q79: Mexican | R79: 2 | S79: 2 | T79: 2 | U79: Palomo Tec | V79: Mexican | W79: Ciudad Victoria | X79: Tamaulipas | Y79: Mexico | AA79: 23.752931 | AB79: -99.164473 | AC79: None | AD79: No | AE79: Low | AF79: No | AG79: Closed | AH79: None
A80: U1043 | B80: 132630 | C80: Ciudad Victoria | D80: Tamaulipas | E80: Mexico | F80: 23.77103 | G80: -99.167082 | H80: No | I80: Abstemious | J80: Public | K80: Single | L80: Independent | M80: 23 | N80: Young Adult | O80: Student | P80: Medium | Q80: Latin American | R80: 1 | S80: 1 | T80: 1 | U80: Palomo Tec | V80: Mexican | W80: Ciudad Victoria | X80: Tamaulipas | Y80: Mexico | AA80: 23.752931 | AB80: -99.164473 | AC80: None | AD80: No | AE80: Low | AF80: No | AG80: Closed | AH80: None
A81: U1068 | B81: 132663 | C81: Ciudad Victoria | D81: Tamaulipas | E81: Mexico | F81: 23.752269 | G81: -99.168605 | H81: No | I81: Casual Drinker | J81: Public | K81: Single | L81: Independent | M81: 24 | N81: Young Adult | O81: Student | P81: Low | Q81: Mexican | R81: 1 | S81: 1 | T81: 1 | U81: Tacos Abi | V81: Mexican | W81: Ciudad Victoria | X81: Tamaulipas | Y81: Mexico | AA81: 23.752511 | AB81: -99.166954 | AC81: None | AD81: No | AE81: Low | AF81: No | AG81: Closed | AH81: None
A82: U1103 | B82: 132663 | C82: Ciudad Victoria | D82: Tamaulipas | E82: Mexico | F82: 23.752265 | G82: -99.16859 | H82: No | I82: Abstemious | J82: Public | K82: Single | L82: Independent | M82: 23 | N82: Young Adult | O82: Employed | P82: Medium | Q82: Mexican | R82: 1 | S82: 0 | T82: 2 | U82: Tacos Abi | V82: Mexican | W82: Ciudad Victoria | X82: Tamaulipas | Y82: Mexico | AA82: 23.752511 | AB82: -99.166954 | AC82: None | AD82: No | AE82: Low | AF82: No | AG82: Closed | AH82: None
A83: U1031 | B83: 132663 | C83: Ciudad Victoria | D83: Tamaulipas | E83: Mexico | F83: 23.735698 | G83: -99.159851 | H83: No | I83: Abstemious | J83: Unknown | K83: Married | L83: Kids | M83: 20 | N83: Young Adult | O83: Unemployed | P83: Medium | Q83: Mexican | R83: 0 | S83: 0 | T83: 0 | U83: Tacos Abi | V83: Mexican | W83: Ciudad Victoria | X83: Tamaulipas | Y83: Mexico | AA83: 23.752511 | AB83: -99.166954 | AC83: None | AD83: No | AE83: Low | AF83: No | AG83: Closed | AH83: None
A84: U1082 | B84: 132663 | C84: Ciudad Victoria | D84: Tamaulipas | E84: Mexico | F84: 23.753061 | G84: -99.166095 | H84: Yes | I84: Abstemious | J84: Public | K84: Single | L84: Unknown | M84: 23 | N84: Young Adult | O84: Student | P84: Medium | Q84: Mexican | R84: 0 | S84: 0 | T84: 0 | U84: Tacos Abi | V84: Mexican | W84: Ciudad Victoria | X84: Tamaulipas | Y84: Mexico | AA84: 23.752511 | AB84: -99.166954 | AC84: None | AD84: No | AE84: Low | AF84: No | AG84: Closed | AH84: None
A85: U1028 | B85: 132663 | C85: Ciudad Victoria | D85: Tamaulipas | E85: Mexico | F85: 23.752874 | G85: -99.169242 | H85: No | I85: Abstemious | J85: Public | K85: Single | L85: Independent | M85: 23 | N85: Young Adult | O85: Student | P85: Medium | Q85: Mexican | R85: 0 | S85: 0 | T85: 0 | U85: Tacos Abi | V85: Mexican | W85: Ciudad Victoria | X85: Tamaulipas | Y85: Mexico | AA85: 23.752511 | AB85: -99.166954 | AC85: None | AD85: No | AE85: Low | AF85: No | AG85: Closed | AH85: None
A86: U1087 | B86: 132663 | C86: Ciudad Victoria | D86: Tamaulipas | E86: Mexico | F86: 23.753336 | G86: -99.167984 | H86: No | I86: Abstemious | J86: Public | K86: Single | L86: Independent | M86: 23 | N86: Young Adult | O86: Student | P86: Medium | Q86: Chinese | R86: 1 | S86: 2 | T86: 1 | U86: Tacos Abi | V86: Mexican | W86: Ciudad Victoria | X86: Tamaulipas | Y86: Mexico | AA86: 23.752511 | AB86: -99.166954 | AC86: None | AD86: No | AE86: Low | AF86: No | AG86: Closed | AH86: None
... A104: U1065 | B104: 132706 | C104: Ciudad Victoria | D104: Tamaulipas | E104: Mexico | F104: 23.733665 | G104: -99.105617 | H104: No | I104: Abstemious | J104: Public | K104: Single | L104: Independent | M104: 23 | N104: Young Adult | O104: Student | P104: Medium | Q104: Mexican | R104: 2 | S104: 1 | T104: 2 | U104: Gorditas Dona Tota | V104: Mexican | W104: Ciudad Victoria | X104: Tamaulipas | Y104: Mexico | AA104: 23.729216 | AB104: -99.132357 | AC104: None | AD104: No | AE104: Medium | AF104: Yes | AG104: Closed | AH104: Public
